--DROP DATABASE IF EXISTS BlbApp;
--CREATE DATABASE BlbApp;
--
--\c BlbApp postgres;
DROP DATABASE IF EXISTS testdb;
CREATE DATABASE testdb;

\c testdb postgres;

DROP TABLE IF EXISTS "bond" CASCADE;
CREATE TABLE "bond" (
  "bondid" BIGSERIAL PRIMARY KEY,
  "cusip" VARCHAR UNIQUE,
  "issuer" VARCHAR,
  "issuedate" DATE,
  "type" VARCHAR,
  "interestrate" DOUBLE PRECISION,
  "maturitydate" DATE,
  "quantity" INTEGER,
  "creditrating" VARCHAR,
  "callable" VARCHAR,
  "coupontype" VARCHAR,
  "bid" DOUBLE PRECISION,
  "ask" DOUBLE PRECISION,
  "yieldbid" DOUBLE PRECISION,
  "yieldask" DOUBLE PRECISION,
  "marketprice" DOUBLE PRECISION,
  "marketyield" DOUBLE PRECISION,
  "facevalue" DOUBLE PRECISION
);

DROP TABLE IF EXISTS "useraccount" CASCADE;
CREATE TABLE "useraccount"(
  "userid" BIGSERIAL PRIMARY KEY,
  "firstname" VARCHAR,
  "lastname" VARCHAR,
  "phonenum" VARCHAR,
  "acctemail" VARCHAR,
  "acctpass" VARCHAR,
  "acctssn" VARCHAR,
  "ssnlastfour" VARCHAR,
  "passsalt" VARCHAR,
  "streetaddress" VARCHAR,
  "city" VARCHAR,
  "state" VARCHAR,
  "postalcode" VARCHAR,
  "acctbalance" DOUBLE PRECISION
);

DROP TABLE IF EXISTS "bondhistory" CASCADE;
CREATE TABLE "bondhistory" (
	"id" BIGSERIAL PRIMARY KEY,
	"time" DATE,
	"bid" DOUBLE PRECISION,
	"ask" DOUBLE PRECISION,
	"yieldbid" DOUBLE PRECISION,
	"yieldask" DOUBLE PRECISION,
	"changeprice" DOUBLE PRECISION,
	"cusip" VARCHAR,
	"bondid" BIGSERIAL,
  	FOREIGN KEY ("bondid") REFERENCES bond("bondid")
);

DROP TABLE IF EXISTS "bankaccount" CASCADE;
CREATE TABLE "bankaccount" (
  "id" BIGSERIAL PRIMARY KEY,
  "acctnum" VARCHAR,
  "routingnum" VARCHAR,
  "accttype" VARCHAR,
  "userid" BIGSERIAL,
  FOREIGN KEY ("userid") REFERENCES useraccount("userid")
);

DROP TABLE IF EXISTS "bondorder" CASCADE;
CREATE TABLE "bondorder" (
  "id" BIGSERIAL PRIMARY KEY,
  "ordertimestamp" TIMESTAMP,
  "tradedate" VARCHAR NOT NULL,
  "settlementdate" VARCHAR NOT NULL,
  "principal" DOUBLE PRECISION,
  "accruedinterest" DOUBLE PRECISION,
  "total" DOUBLE PRECISION,
  "numbondspurchased" INTEGER,
  "transactiontype" VARCHAR,
  "userid" BIGSERIAL,
  "bondid" BIGSERIAL,
  FOREIGN KEY ("userid") REFERENCES useraccount("userid"),
  FOREIGN KEY ("bondid") REFERENCES bond("bondid")
);


INSERT INTO bond(cusip,issuer,issuedate,type,interestrate,maturitydate,quantity,creditrating,callable,coupontype,bid,ask,yieldbid,yieldask,marketprice,marketyield,facevalue)
VALUES
('912828X88','US TREASURY','2017-05-15','1MO',1,'2018-05-15',10000,'AA+','NO','FIXED',100.778343,101.4596284,6.102501603,6.061524272,101.1189857,6.082012938,100),
('912854L23','US TREASURY','2017-08-01','6MO',1.02,'2018-08-01',10000,'AA-','NO','FIXED',103.0374603,103.7512668,6.065755099,6.024022833,103.3943636,6.044888966,100),
('912876O33','US TREASURY','2017-07-18','1YR',1.23,'2018-07-18',1000,'AA+','NO','FIXED',98.0253715,98.59991287,5.100720276,5.070998396,98.31264219,5.085859336,100),
('912828X72','US TREASURY','2017-06-06','2YR',1.55,'2018-06-06',500,'AA+','NO','FIXED',100.5995133,101.5190776,1.540762922,1.526806622,101.0592955,1.533784772,100),
('912866JK8','US TREASURY','2017-04-30','3YR',1.56,'2022-04-30',1000,'AA','NO','FIXED',101.5473057,102.307487,6.893338973,6.842118994,101.9273963,6.867728984,1000),
('912894V45','US TREASURY','2017-07-31','5YR',1.77,'2022-07-31',1000,'AA+','NO','FIXED',100.2074844,100.8839301,6.112317892,6.071333656,100.5457073,6.091825774,1000),
('912810FH6','US TREASURY','2017-07-12','7YR',2.09,'2022-07-12',1000,'AA','NO','FIXED',104.52056,105.0514133,8.821230958,8.776654888,104.7859867,8.798942923,1000),
('912812N28','US TREASURY','2017-07-20','10YR',4.58,'2027-07-20',1500,'AA+','NO','FIXED',99.74278593,100.3369175,9.624756228,9.567764529,100.0398517,9.596260379,1000),
('912837TZ9','US TREASURY','2017-06-21','20YR',5.01,'2027-06-21',1500,'AA+','NO','FIXED',98.31155121,99.54022118,10.07002725,9.945728352,98.9258862,10.0078778,1000),
('912834F90','US TREASURY','2017-06-22','30YR',5.49,'2027-06-22',1500,'AA+','NO','FIXED',100.4391155,102.2220618,9.358903606,9.195666605,101.3305886,9.277285106,1000);

INSERT INTO useraccount(firstname,lastname,phonenum,acctemail,acctpass,acctssn,ssnlastfour,passsalt,streetaddress,city,state,postalcode,acctbalance)
VALUES
('Arthur','Doons','12024561111','morty@rick.com','camaro33','123456789','6789',NULL,'1 Main Street','New York','NY','10022',100000.00),
('Dirk','Sweetprince','18002453875','dirk@yahoo.com','securepassword','928648372','8372',NULL,'2 Dinkleburg Cir','Boston','MA','01002',75.09),
('Doug','Dimmadome','19982976649','dimsdale@gmail.com','TimmyTurner23','938777475','7475',NULL,'1 Dimmadome Rd','Dimsdale','ME','74837',10000000.45),
('Matt','Puck','15087749933','life@aol.com','Dwightshrute','837374938','4938',NULL,'14 Fizzy Ln','Currency','TX','19288',20),
('Ana','Vara Berra','18273648594','venezuela@bing.com','Salsadancing','111648342','8342',NULL,'2133 Jammin Dr','Hoboken','NJ','07030',47563.22),
('Dani','Cats','18004737737','dartmouth@gmail.com','dannypass','398573874','3874',NULL,'1 Webster Ave','Hanover','NH','83838',101010.4),
('Sammy','Groot','18009999999','groot@umass.com','Password1234','111223333','3333',NULL,'1 Friendship Ln','Amherst','MA','12345',0),
('Yusiff','Hamis','38484848848','something@gmail.com','password5','234534533','4533',NULL,'18 Main St','Danville','KY','28282',7.77);

INSERT INTO bankaccount(acctnum,routingnum,accttype)
VALUES
('123456789876','123456789','Savings'),
('394857209345','938398477','Checking'),
('483539845733','457542768','Checking'),
('435874773097','563701938','Checking'),
('989435739489','900745822','Checking'),
('758376245387','234508547','Checking'),
('587483937777','435202345','Savings'),
('458739274857','593048534','Savings');

--INSERT INTO bondorder(ordertimestamp,tradedate,settlementdate,principal,accruedinterest,total,numbondspurchased)
--VALUES
--('2017-04-12 4:05:06','2017-04-12','2017-04-18',100000,120.050,100120.050,100),
--('2017-06-23 15:12:34','2017-06-23','2017-06-26',5000,85.090,5085.090,50),
--('2017-07-07 9:17:56','2017-07-07','2017-07-20',1000000,2300.390,1002300.390,1000),
--('2017-05-02 11:23:08','2017-05-02','2017-05-18',10000,150.430,10150.430,100),
--('2017-04-27 21:40:30','2017-04-27','2017-05-02',500000,0.000,500000.000,500),
--('2017-06-18 17:45:23','2017-06-18','2017-06-22',100000,1020.220,101020.220,100),
--('2017-07-01 10:59:05','2017-07-01','2017-07-07',10000000,0.000,10000000.000,1000),
--('2017-08-02 5:30:43','2017-08-02','2017-08-10',50000,45.040,50045.040,50),
--('2017-07-24 13:29:40','2017-07-24','2017-07-31',100000,305.780,100305.780,1000);


-- 1 Month Bond History Data

INSERT INTO bondhistory(time,bid,ask,yieldbid,yieldask,changeprice,cusip, bondid)
VALUES
('2016-06-02',98.90681486,100.8548546,1.011052678,0.9915239119,1.093185139,'912828X88',1),
('2016-06-05',98.13555985,99.3639384,1.018998619,1.006401332,-0.7712550128,'912828X88',1),
('2016-06-08',99.48756972,100.7889533,1.005150697,0.9921722241,1.352009872,'912828X88',1),
('2016-06-11',99.49162711,100.2995766,1.005109705,0.9970131822,0.004057393199,'912828X88',1),
('2016-06-14',99.00437861,99.82422204,1.010056337,1.001760875,-0.4872484994,'912828X88',1),
('2016-06-17',98.47783309,99.91874862,1.01545695,1.000813174,-0.5265455236,'912828X88',1),
('2016-06-20',98.64507066,99.86764338,1.013735398,1.00132532,0.1672375656,'912828X88',1),
('2016-06-23',98.36162449,100.0743849,1.016656654,0.9992567041,-0.283446166,'912828X88',1),
('2016-06-26',98.63469064,100.2172687,1.013842081,0.9978320237,0.2730661485,'912828X88',1),
('2016-06-29',99.18725341,100.2553406,1.008194063,0.9974530975,0.5525627711,'912828X88',1),
('2016-07-02',98.40112157,99.62631323,1.016248579,1.003750884,-0.7861318357,'912828X88',1),
('2016-07-05',98.73743886,99.65689435,1.012787056,1.003442869,0.3363172867,'912828X88',1),
('2016-07-08',99.15708162,99.68767301,1.008500839,1.003133055,0.4196427615,'912828X88',1),
('2016-07-11',99.27904511,100.9407981,1.007261904,0.9906797044,0.1219634916,'912828X88',1),
('2016-07-14',99.73094344,100.5797295,1.002697824,0.9942361196,0.4518983248,'912828X88',1),
('2016-07-17',99.5315439,100.4363122,1.004706609,0.9956558321,-0.1993995396,'912828X88',1),
('2016-07-20',98.90618769,99.83064026,1.011059089,1.001696471,-0.6253562137,'912828X88',1),
('2016-07-23',98.88833501,99.96237244,1.011241619,1.000376417,-0.0178526722,'912828X88',1),
('2016-07-26',99.70654813,100.2963961,1.002943155,0.9970447983,0.8182131152,'912828X88',1),
('2016-07-29',100.0591844,101.8484932,0.999408506,0.9818505595,0.3526362745,'912828X88',1),
('2016-08-01',100.038027,101.0547637,0.9996198741,0.9895624549,-0.02115735913,'912828X88',1),
('2016-08-04',98.98709664,100.0982253,1.010232681,0.9990187109,-1.050930405,'912828X88',1),
('2016-08-07',99.36995526,99.89281653,1.006340395,1.001072985,0.3828586228,'912828X88',1),
('2016-08-10',100.124873,100.9739466,0.9987528273,0.9903544758,0.7549177459,'912828X88',1),
('2016-08-13',99.70514292,101.5100949,1.002957291,0.985123697,-0.419730083,'912828X88',1),
('2016-08-16',98.93541428,99.58547334,1.010760411,1.004162521,-0.7697286402,'912828X88',1),
('2016-08-19',98.95391288,100.47252,1.010571458,0.9952970226,0.01849859096,'912828X88',1),
('2016-08-22',99.30551159,99.83744288,1.006993453,1.001628218,0.3515987144,'912828X88',1),
('2016-08-25',99.98842936,101.8340239,1.00011572,0.9819900671,0.6829177707,'912828X88',1),
('2016-08-28',99.93542667,100.8316293,1.000646151,0.9917522974,-0.0530026893,'912828X88',1),
('2016-08-31',99.11223121,99.69344384,1.008957207,1.003074988,-0.8231954578,'912828X88',1),
('2016-09-03',99.18599693,100.0303121,1.008206835,0.9996969711,0.07376571184,'912828X88',1),
('2016-09-06',99.93524996,100.7735627,1.00064792,0.9923237537,0.7492530318,'912828X88',1),
('2016-09-09',100.3313093,102.1655325,0.9966978477,0.9788036884,0.3960593109,'912828X88',1),
('2016-09-12',100.1968386,100.897267,0.9980354813,0.9911071231,-0.1344707041,'912828X88',1),
('2016-09-15',99.17816963,101.0265298,1.008286404,0.9898390077,-1.018668936,'912828X88',1),
('2016-09-18',99.42845866,100.4926266,1.005748267,0.9950978835,0.2502890305,'912828X88',1),
('2016-09-21',100.5736549,101.373863,0.9942961715,0.9864475617,1.145196219,'912828X88',1),
('2016-09-24',99.49366927,101.4842876,1.005089075,0.9853742127,-1.079985611,'912828X88',1),
('2016-09-27',99.42896612,101.3136833,1.005743134,0.9870335059,-0.06470314129,'912828X88',1),
('2016-09-30',99.98593192,100.6229068,1.000140701,0.9938094931,0.5569657988,'912828X88',1),
('2016-10-03',100.0416118,101.5193332,0.9995840547,0.9850340509,0.05567991175,'912828X88',1),
('2016-10-06',100.2044925,101.467439,0.9979592478,0.985537833,0.1628807039,'912828X88',1),
('2016-10-09',100.6986328,102.2099113,0.9930621418,0.9783786982,0.4941402971,'912828X88',1),
('2016-10-12',99.96522184,101.3669285,1.000347903,0.9865150447,-0.7334109975,'912828X88',1),
('2016-10-15',99.7911389,101.2866495,1.002092982,0.9872969489,-0.1740829373,'912828X88',1),
('2016-10-18',99.83679209,100.3890377,1.001634747,0.9961246989,0.04565319152,'912828X88',1),
('2016-10-21',100.4648618,101.4879123,0.9953728913,0.9853390191,0.6280697437,'912828X88',1),
('2016-10-24',100.0229393,100.7118866,0.9997706598,0.9929314544,-0.4419225576,'912828X88',1),
('2016-10-27',100.1727367,100.8523399,0.9982756121,0.9915486351,0.149797376,'912828X88',1),
('2016-10-30',99.53880534,101.0338565,1.004633315,0.9897672267,-0.6339313173,'912828X88',1),
('2016-11-02',99.88370778,100.6771138,1.001164276,0.9932744017,0.3449024422,'912828X88',1),
('2016-11-05',100.5534768,101.5628551,0.9944956969,0.9846119418,0.6697690307,'912828X88',1),
('2016-11-08',100.6370145,102.5245394,0.993670177,0.9753762425,0.08353768013,'912828X88',1),
('2016-11-11',99.79183208,101.6221176,1.002086022,0.98403775,-0.8451824149,'912828X88',1),
('2016-11-14',100.6131446,101.1650972,0.9939059191,0.9884832097,0.8213125662,'912828X88',1),
('2016-11-17',100.2066804,101.8539624,0.9979374594,0.9817978376,-0.4064642922,'912828X88',1),
('2016-11-20',100.4214526,101.1488273,0.9958031619,0.9886422081,0.2147722262,'912828X88',1),
('2016-11-23',100.7469217,102.4159987,0.9925861581,0.9764099488,0.3254691729,'912828X88',1),
('2016-11-26',100.8801229,102.4693719,0.9912755571,0.975901366,0.1332011264,'912828X88',1),
('2016-11-29',100.4590793,101.4461261,0.9954301861,0.9857448861,-0.4210435748,'912828X88',1),
('2016-12-02',100.6867183,102.0262115,0.9931796532,0.9801402853,0.2276390351,'912828X88',1),
('2016-12-05',100.3680487,100.9232456,0.9963330092,0.990852003,-0.3186696251,'912828X88',1),
('2016-12-08',100.5469851,101.8005921,0.9945599051,0.9823125577,0.1789364291,'912828X88',1),
('2016-12-11',100.5882844,101.8699426,0.9941515619,0.9816438243,0.04129921562,'912828X88',1),
('2016-12-14',100.0458966,101.3393511,0.9995412441,0.9867835043,-0.5423877129,'912828X88',1),
('2016-12-17',100.4188847,101.631486,0.9958286262,0.9839470417,0.3729880576,'912828X88',1),
('2016-12-20',101.3081006,102.2883099,0.9870878976,0.9776288226,0.8892158674,'912828X88',1),
('2016-12-23',100.7751622,102.7223232,0.9923080036,0.9734982319,-0.532938388,'912828X88',1),
('2016-12-26',101.3049931,102.833114,0.9871181756,0.9724494004,0.5298309511,'912828X88',1),
('2016-12-29',100.7052784,102.4568377,0.9929966094,0.9760207538,-0.5997147325,'912828X88',1),
('2017-01-01',100.5225772,101.9903595,0.9948013948,0.9804848267,-0.1827012063,'912828X88',1),
('2017-01-04',101.4333968,102.2754722,0.9858685912,0.9777515356,0.9108196091,'912828X88',1),
('2017-01-07',101.1080702,102.7455603,0.9890407341,0.9732780638,-0.3253265728,'912828X88',1),
('2017-01-10',101.3605508,103.3404042,0.9865771175,0.9676757196,0.2524805348,'912828X88',1),
('2017-01-13',101.5639112,102.5569646,0.9846017034,0.9750678601,0.2033604694,'912828X88',1),
('2017-01-16',100.7410466,101.6067995,0.9926440455,0.9841861023,-0.8228646772,'912828X88',1),
('2017-01-19',100.5553748,101.7354478,0.9944769262,0.982941562,-0.1856718032,'912828X88',1),
('2017-01-22',100.3357161,102.176253,0.9966540715,0.9787009903,-0.2196586246,'912828X88',1),
('2017-01-25',100.9424331,102.170664,0.990663658,0.978754528,0.6067169537,'912828X88',1),
('2017-01-28',101.7237065,103.3083626,0.9830550167,0.9679758494,0.7812734302,'912828X88',1),
('2017-01-31',101.7378171,102.8023513,0.9829186708,0.9727403964,0.01411063318,'912828X88',1),
('2017-02-03',100.631738,102.5044692,0.9937222791,0.9755672199,-1.106079178,'912828X88',1),
('2017-02-06',101.3314094,102.633149,0.9868608423,0.9743440687,0.6996713967,'912828X88',1),
('2017-02-09',101.613885,102.5844299,0.9841174758,0.9748068016,0.2824756275,'912828X88',1),
('2017-02-12',100.506161,101.4454909,0.9949638804,0.9857510578,-1.107723942,'912828X88',1),
('2017-02-15',101.685929,102.6528783,0.9834202329,0.9741568053,1.179767969,'912828X88',1),
('2017-02-18',101.0026601,102.7201059,0.9900729337,0.9735192453,-0.6832689151,'912828X88',1),
('2017-02-21',101.0862046,102.2957621,0.9892546704,0.977557603,0.08354448801,'912828X88',1),
('2017-02-24',101.1682832,102.0573624,0.9884520806,0.9798411177,0.08207859393,'912828X88',1),
('2017-02-27',100.699605,101.261033,0.9930525548,0.9875467102,-0.4686782005,'912828X88',1),
('2017-03-02',100.552551,101.6751576,0.9945048539,0.983524416,-0.1470540286,'912828X88',1),
('2017-03-05',100.843036,101.7592019,0.9916401171,0.9827121103,0.2904850151,'912828X88',1),
('2017-03-08',101.1828624,102.2982632,0.9883096569,0.9775337025,0.3398264068,'912828X88',1),
('2017-03-11',101.5691012,102.3700553,0.984551392,0.976848158,0.3862388498,'912828X88',1),
('2017-03-14',100.674219,101.4639977,0.9933029625,0.9855712597,-0.8948822064,'912828X88',1),
('2017-03-17',101.4001747,102.8611682,0.9861915944,0.9721841753,0.7259557213,'912828X88',1),
('2017-03-20',100.7928574,101.947809,0.9921337934,0.980894057,-0.6073173047,'912828X88',1),
('2017-03-23',100.9572618,102.5119311,0.9905181483,0.9754962076,0.1644043428,'912828X88',1),
('2017-03-26',101.1068926,101.6598119,0.9890522535,0.9836728809,0.1496308474,'912828X88',1);

-- 6 Month Bond History Data

INSERT INTO bondhistory(time,bid,ask,yieldbid,yieldask,changeprice,cusip,bondid)
VALUES
('2016-06-02',98.11443032,98.80945431,1.039602428,1.032289883,1.885569677,'912854L23',2),
('2016-06-05',99.49592245,101.152377,1.02516764,1.008379665,1.381492124,'912854L23',2),
('2016-06-08',99.20068814,100.6081659,1.028218674,1.013834206,-0.295234302,'912854L23',2),
('2016-06-11',99.36762473,100.7919817,1.026491277,1.011985261,0.1669365881,'912854L23',2),
('2016-06-14',99.74428475,100.5528888,1.022614982,1.014391543,0.3766600166,'912854L23',2),
('2016-06-17',98.99602706,100.1647444,1.030344379,1.018322371,-0.748257688,'912854L23',2),
('2016-06-20',99.55971183,101.4310372,1.0245108,1.005609356,0.5636847721,'912854L23',2),
('2016-06-23',99.53911508,100.7158958,1.024722793,1.012749767,-0.02059674948,'912854L23',2),
('2016-06-26',99.48965312,100.3296217,1.025232241,1.016648905,-0.0494619636,'912854L23',2),
('2016-06-29',99.077672,100.7063601,1.029495324,1.012845662,-0.4119811236,'912854L23',2),
('2016-07-02',99.40125,100.6300464,1.026144037,1.013613763,0.3235780067,'912854L23',2),
('2016-07-05',99.60751425,101.1689181,1.024019129,1.008214795,0.2062642432,'912854L23',2),
('2016-07-08',99.96038978,101.4169181,1.020404184,1.005749355,0.3528755351,'912854L23',2),
('2016-07-11',98.94418687,100.4823314,1.030884211,1.015103835,-1.016202914,'912854L23',2),
('2016-07-14',99.06637127,99.95200622,1.029612761,1.020489772,0.1221844046,'912854L23',2),
('2016-07-17',99.34833119,101.2573678,1.026690623,1.007334106,0.2819599186,'912854L23',2),
('2016-07-20',98.90921188,100.1118811,1.031248739,1.018860088,-0.4391193144,'912854L23',2),
('2016-07-23',99.01538582,99.53628165,1.030142933,1.024751963,0.1061739403,'912854L23',2),
('2016-07-26',99.9394991,101.6672542,1.020617483,1.003272891,0.924113284,'912854L23',2),
('2016-07-29',100.2681074,101.7086757,1.017272617,1.002864301,0.328608253,'912854L23',2),
('2016-08-01',99.97769859,100.8552807,1.020227525,1.011350117,-0.2904087662,'912854L23',2),
('2016-08-04',99.34459514,101.041783,1.026729233,1.009483374,-0.6331034464,'912854L23',2),
('2016-08-07',99.23622032,99.86308346,1.027850513,1.021398463,-0.1083748192,'912854L23',2),
('2016-08-10',100.5880796,102.3120779,1.014036658,0.9969497451,1.351859233,'912854L23',2),
('2016-08-13',99.68330341,100.6014927,1.023240568,1.013901457,-0.9047761427,'912854L23',2),
('2016-08-16',100.117682,100.7077412,1.018801055,1.012831773,0.4343785903,'912854L23',2),
('2016-08-19',99.44291913,100.5024942,1.025714057,1.014900185,-0.6747628771,'912854L23',2),
('2016-08-22',100.6916795,101.9478713,1.012993332,1.000511327,1.248760403,'912854L23',2),
('2016-08-25',100.2994022,101.0221166,1.016955214,1.009679894,-0.3922773319,'912854L23',2),
('2016-08-28',100.4665055,101.9344517,1.015263739,1.000643044,0.1671032722,'912854L23',2),
('2016-08-31',99.8594072,101.0724826,1.021436066,1.009176755,-0.6070982709,'912854L23',2),
('2016-09-03',99.70579224,101.2169502,1.023009774,1.00773635,-0.1536149559,'912854L23',2),
('2016-09-06',100.5170491,102.2424913,1.014753227,0.997628273,0.8112568697,'912854L23',2),
('2016-09-09',99.70421206,101.607046,1.023025987,1.003867389,-0.8128370521,'912854L23',2),
('2016-09-12',101.0707232,102.3960882,1.009194322,0.996131803,1.366511153,'912854L23',2),
('2016-09-15',100.2606941,100.9323424,1.017347834,1.010577953,-0.8100290919,'912854L23',2),
('2016-09-18',100.152112,101.5603277,1.018450814,1.004329174,-0.1085821478,'912854L23',2),
('2016-09-21',100.9647977,101.6630472,1.010253101,1.003314408,0.8126857483,'912854L23',2),
('2016-09-24',101.0492723,102.9324163,1.009408556,0.990941471,0.08447458393,'912854L23',2),
('2016-09-27',101.348594,102.4844629,1.006427381,0.995272816,0.2993216784,'912854L23',2),
('2016-09-30',100.0364592,101.8456765,1.019628251,1.001515268,-1.312134734,'912854L23',2),
('2016-10-03',101.1043579,101.8207521,1.008858591,1.001760426,1.067898606,'912854L23',2),
('2016-10-06',100.9634783,101.6388556,1.010266304,1.003553212,-0.1408795784,'912854L23',2),
('2016-10-09',101.5756978,103.3418053,1.004177202,0.9870158518,0.6122195272,'912854L23',2),
('2016-10-12',101.1068703,102.0714503,1.008833522,0.9992999969,-0.4688275531,'912854L23',2),
('2016-10-15',100.5964474,101.6051609,1.013952308,1.003886015,-0.5104228797,'912854L23',2),
('2016-10-18',101.6441199,103.2197095,1.003501236,0.9881833659,1.047672565,'912854L23',2),
('2016-10-21',100.9777196,102.6987886,1.010123821,0.9931957464,-0.6664003179,'912854L23',2),
('2016-10-24',101.0803406,101.6737183,1.009098302,1.003209106,0.1026209559,'912854L23',2),
('2016-10-27',101.5289728,103.058171,1.004639338,0.9897322937,0.4486322315,'912854L23',2),
('2016-10-30',100.5345236,102.3354596,1.014576848,0.9967219615,-0.9944492256,'912854L23',2),
('2016-11-02',100.4437603,101.5324784,1.015493642,1.004604651,-0.09076327825,'912854L23',2),
('2016-11-05',100.9794546,101.6909929,1.010106465,1.003038687,0.5356943404,'912854L23',2),
('2016-11-08',101.1850382,101.7697554,1.008054173,1.002262407,0.2055835238,'912854L23',2),
('2016-11-11',100.8257835,102.0968795,1.011645994,0.9990511026,-0.3592546221,'912854L23',2),
('2016-11-14',101.1684758,103.0799011,1.008219203,0.9895236498,0.3426922566,'912854L23',2),
('2016-11-17',101.1464973,102.881727,1.008438283,0.9914297028,-0.02197854015,'912854L23',2),
('2016-11-20',101.0651664,102.6168428,1.00924981,0.9939888736,-0.08133081494,'912854L23',2),
('2016-11-23',101.3531826,102.9182195,1.006381817,0.9910781635,0.2880161175,'912854L23',2),
('2016-11-26',100.9274573,102.4976709,1.010626867,0.9951445635,-0.4257252335,'912854L23',2),
('2016-11-29',101.2599757,101.7692393,1.007308162,1.00226749,0.3325184089,'912854L23',2),
('2016-12-02',102.0833186,102.8466199,0.9991838179,0.9917681315,0.823342839,'912854L23',2),
('2016-12-05',102.204984,103.5536793,0.9979943834,0.9849963876,0.121665434,'912854L23',2),
('2016-12-08',102.3457448,103.2156462,0.9966217957,0.9882222684,0.1407608262,'912854L23',2),
('2016-12-11',101.2422251,102.8132891,1.007484772,0.9920896504,-1.103519767,'912854L23',2),
('2016-12-14',102.044132,102.8909729,0.9995675209,0.9913406117,0.8019068846,'912854L23',2),
('2016-12-17',101.3697676,102.8913872,1.006217164,0.9913366195,-0.6743643979,'912854L23',2),
('2016-12-20',102.2043959,103.7463364,0.9980001264,0.9831672478,0.8346283116,'912854L23',2),
('2016-12-23',101.8217672,102.657516,1.001750439,0.9935950525,-0.3826286238,'912854L23',2),
('2016-12-26',101.3838001,102.5487888,1.006077893,0.9946485104,-0.4379671555,'912854L23',2),
('2016-12-29',101.6234804,102.3291068,1.003705045,0.9967838397,0.239680331,'912854L23',2),
('2017-01-01',101.7050316,102.9617766,1.002900234,0.9906588963,0.08155117619,'912854L23',2),
('2017-01-04',102.3890974,103.6519665,0.9961998162,0.9840623718,0.6840657932,'912854L23',2),
('2017-01-07',102.5320155,103.9228332,0.9948112251,0.9814974908,0.1429181554,'912854L23',2),
('2017-01-10',102.2323762,103.3058871,0.9977269807,0.9873590257,-0.2996393796,'912854L23',2),
('2017-01-13',101.4872819,102.0995893,1.005052043,0.9990245862,-0.7450942361,'912854L23',2),
('2017-01-16',101.6595679,103.5999235,1.003348746,0.9845567114,0.172285996,'912854L23',2),
('2017-01-19',102.1273977,102.7479252,0.9987525608,0.9927207757,0.467829792,'912854L23',2),
('2017-01-22',101.4230124,102.8138766,1.005688922,0.9920839809,-0.704385341,'912854L23',2),
('2017-01-25',102.5690516,103.5099514,0.9944520147,0.9854125002,1.146039209,'912854L23',2),
('2017-01-28',102.5320431,103.9282596,0.9948109577,0.9814462438,-0.03700847921,'912854L23',2),
('2017-01-31',102.6938277,104.4971268,0.9932437257,0.9761033925,0.1617845601,'912854L23',2),
('2017-02-03',102.9454797,103.9645201,0.9908157238,0.9811039372,0.25165205,'912854L23',2),
('2017-02-06',101.7545291,102.4051859,1.002412383,0.9960433064,-1.19095058,'912854L23',2),
('2017-02-09',101.9069952,102.730531,1.000912643,0.9928888621,0.1524661116,'912854L23',2),
('2017-02-12',101.7601116,103.4026667,1.002357391,0.9864349081,-0.1468836404,'912854L23',2),
('2017-02-15',102.4310338,103.9333553,0.9957919608,0.9813981253,0.6709221931,'912854L23',2),
('2017-02-18',101.9298604,103.1236971,1.000688117,0.9891034053,-0.5011734258,'912854L23',2),
('2017-02-21',102.1027154,102.8820329,0.9989939989,0.9914267545,0.1728550628,'912854L23',2),
('2017-02-24',102.2803951,104.2783156,0.9972585649,0.9781515878,0.1776796278,'912854L23',2),
('2017-02-27',103.1203021,104.8576303,0.9891359697,0.972747522,0.839907018,'912854L23',2),
('2017-03-02',102.5414088,103.669967,0.994720096,0.9838915066,-0.5788932909,'912854L23',2),
('2017-03-05',102.8833094,104.6760331,0.9914144538,0.9744350925,0.3419006112,'912854L23',2),
('2017-03-08',103.0877495,104.2799342,0.9894483142,0.9781364051,0.204440136,'912854L23',2),
('2017-03-11',102.9132372,104.010959,0.9911261441,0.9806658936,-0.1745122993,'912854L23',2),
('2017-03-14',101.9265238,102.5423327,1.000720874,0.9947111338,-0.9867134146,'912854L23',2),
('2017-03-17',102.4871516,104.1804038,0.9952467058,0.9790708833,0.5606277588,'912854L23',2),
('2017-03-20',101.9883535,102.49091,1.000114194,0.9952102097,-0.498798053,'912854L23',2),
('2017-03-23',103.0669894,104.3292337,0.9896476122,0.9776741995,1.078635911,'912854L23',2),
('2017-03-26',103.0417401,104.6102635,0.9898901153,0.9750477302,-0.02524932706,'912854L23',2);

-- 1 Year Bond History Data

INSERT INTO bondhistory(time,bid,ask,yieldbid,yieldask,changeprice,cusip,bondid)
VALUES
('2016-06-02',103.216893,105.0546737,1.191665399,1.170818924,-3.216893034,'912876O33',3),
('2016-06-05',103.8068081,105.1123327,1.184893383,1.170176675,0.5899150798,'912876O33',3),
('2016-06-08',104.0370227,105.8465115,1.182271434,1.162060027,0.2302145507,'912876O33',3),
('2016-06-11',103.1188621,103.9132701,1.192798267,1.183679427,-0.9181605586,'912876O33',3),
('2016-06-14',103.9583645,105.4962194,1.183165978,1.165918558,0.8395023729,'912876O33',3),
('2016-06-17',103.7638816,104.3100864,1.185383566,1.179176475,-0.194482841,'912876O33',3),
('2016-06-20',104.0762123,105.4792402,1.181826253,1.166106239,0.312330674,'912876O33',3),
('2016-06-23',103.3504338,105.1980167,1.190125629,1.169223564,-0.725778533,'912876O33',3),
('2016-06-26',103.8319571,104.9944423,1.184606391,1.171490579,0.4815233348,'912876O33',3),
('2016-06-29',103.213531,104.4554989,1.191704215,1.177534944,-0.6184260712,'912876O33',3),
('2016-07-02',103.1493028,104.5700252,1.192446256,1.176245293,-0.06422821741,'912876O33',3),
('2016-07-05',104.0423753,105.6654625,1.18221061,1.16405112,0.8930724861,'912876O33',3),
('2016-07-08',103.1365245,103.9395331,1.192593997,1.18338034,-0.9058507637,'912876O33',3),
('2016-07-11',103.8459994,105.6720912,1.184446206,1.1639781,0.7094748555,'912876O33',3),
('2016-07-14',102.8319388,103.6221638,1.196126431,1.187004744,-1.014060586,'912876O33',3),
('2016-07-17',103.704423,105.3188565,1.186063202,1.167882031,0.8724841742,'912876O33',3),
('2016-07-20',103.6372244,104.8124452,1.186832248,1.173524764,-0.06719856802,'912876O33',3),
('2016-07-23',103.8618262,104.5056063,1.184265716,1.17697035,0.2246017932,'912876O33',3),
('2016-07-26',103.5593062,105.3982175,1.187725223,1.167002658,-0.3025200442,'912876O33',3),
('2016-07-29',102.9365059,104.0882406,1.194911357,1.181689683,-0.6228002637,'912876O33',3),
('2016-08-01',102.7169625,103.7334788,1.197465316,1.185730985,-0.2195434021,'912876O33',3),
('2016-08-04',103.3500164,104.1239929,1.190130435,1.181283934,0.633053886,'912876O33',3),
('2016-08-07',102.7631436,104.1940167,1.196927183,1.180490051,-0.5868727588,'912876O33',3),
('2016-08-10',103.5149078,104.5385823,1.188234647,1.176599082,0.7517641848,'912876O33',3),
('2016-08-13',103.9281841,105.5388672,1.183509566,1.165447416,0.4132762341,'912876O33',3),
('2016-08-16',102.8668629,103.9584914,1.195720338,1.183164533,-1.061321189,'912876O33',3),
('2016-08-19',103.3026694,104.6895086,1.190675911,1.17490283,0.4358065792,'912876O33',3),
('2016-08-22',103.482793,104.7123677,1.188603403,1.174646345,0.180123592,'912876O33',3),
('2016-08-25',103.751666,105.721316,1.185523132,1.163436142,0.2688729288,'912876O33',3),
('2016-08-28',102.7915937,103.8600388,1.196595904,1.184286097,-0.9600722318,'912876O33',3),
('2016-08-31',103.4843445,105.1381676,1.188585584,1.169889136,0.6927507373,'912876O33',3),
('2016-09-03',102.7587681,104.5558734,1.196978149,1.1764045,-0.7255764,'912876O33',3),
('2016-09-06',103.2947317,104.8712138,1.190767409,1.172867134,0.5359635973,'912876O33',3),
('2016-09-09',102.4100165,103.0952123,1.201054391,1.193071892,-0.8847151653,'912876O33',3),
('2016-09-12',103.3403942,104.9066853,1.190241251,1.172470559,0.9303776566,'912876O33',3),
('2016-09-15',102.6521514,103.6283368,1.198221356,1.186934035,-0.6882428,'912876O33',3),
('2016-09-18',102.5363104,103.5052327,1.199575053,1.188345717,-0.1158409843,'912876O33',3),
('2016-09-21',102.5523311,103.7559312,1.199387656,1.185474398,0.01602071617,'912876O33',3),
('2016-09-24',103.7110106,105.6266615,1.185987865,1.164478724,1.158679491,'912876O33',3),
('2016-09-27',102.5486224,104.5432432,1.199431032,1.176546626,-1.162388207,'912876O33',3),
('2016-09-30',102.6012627,103.9190379,1.198815656,1.183613729,0.05264031008,'912876O33',3),
('2016-10-03',102.4862831,103.407133,1.20016061,1.18947307,-0.1149795812,'912876O33',3),
('2016-10-06',103.5501574,104.4700126,1.18783016,1.177371352,1.063874278,'912876O33',3),
('2016-10-09',103.4049225,104.3409476,1.189498499,1.178827707,-0.145234925,'912876O33',3),
('2016-10-12',102.9213947,104.4508251,1.195086798,1.177587635,-0.4835277658,'912876O33',3),
('2016-10-15',103.1418301,104.5466469,1.19253265,1.176508321,0.220435456,'912876O33',3),
('2016-10-18',102.7498981,104.3098171,1.197081479,1.17917952,-0.3919320026,'912876O33',3),
('2016-10-21',102.566279,103.241852,1.199224552,1.19137731,-0.183619121,'912876O33',3),
('2016-10-24',103.015582,103.792404,1.193994128,1.18505782,0.4493029367,'912876O33',3),
('2016-10-27',102.1184919,103.2014783,1.204483122,1.191843392,-0.8970900231,'912876O33',3),
('2016-10-30',103.1531716,104.778317,1.192401534,1.173907002,1.034679646,'912876O33',3),
('2016-11-02',102.295225,103.9793545,1.202402165,1.182927136,-0.8579465596,'912876O33',3),
('2016-11-05',102.4964257,103.7345476,1.200041846,1.185718768,0.2012007209,'912876O33',3),
('2016-11-08',102.3015571,103.7347279,1.202327741,1.185716707,-0.1948686783,'912876O33',3),
('2016-11-11',102.2999342,103.4837942,1.202346814,1.188591905,-0.001622855215,'912876O33',3),
('2016-11-14',102.2754856,104.1617906,1.202634231,1.180855276,-0.02444862466,'912876O33',3),
('2016-11-17',102.2858628,103.9833246,1.20251222,1.182881972,0.01037725105,'912876O33',3),
('2016-11-20',102.2883175,104.1873601,1.202483362,1.180565472,0.00245470262,'912876O33',3),
('2016-11-23',103.3265931,104.3980393,1.190400228,1.178183046,1.038275533,'912876O33',3),
('2016-11-26',102.2296038,102.8625851,1.203173987,1.195770064,-1.096989287,'912876O33',3),
('2016-11-29',102.8971515,104.4341347,1.195368367,1.177775833,0.6675477104,'912876O33',3),
('2016-12-02',103.2005037,103.7290426,1.191854648,1.185781695,0.3033521571,'912876O33',3),
('2016-12-05',103.3136499,104.1761333,1.190549362,1.180692699,0.1131462856,'912876O33',3),
('2016-12-08',102.1639772,102.8878331,1.203946864,1.19547663,-1.149672715,'912876O33',3),
('2016-12-11',102.0156547,102.5401662,1.205697306,1.199529946,-0.1483225248,'912876O33',3),
('2016-12-14',102.3340903,103.5422737,1.201945506,1.187920601,0.318435608,'912876O33',3),
('2016-12-17',102.2514794,102.9202594,1.202916581,1.195099981,-0.08261092442,'912876O33',3),
('2016-12-20',103.1299775,104.4205292,1.192669706,1.177929291,0.8784981263,'912876O33',3),
('2016-12-23',102.9858431,104.1619922,1.194338914,1.180852991,-0.1441343692,'912876O33',3),
('2016-12-26',102.9726475,104.7140176,1.194491965,1.174627838,-0.01319566729,'912876O33',3),
('2016-12-29',103.1691621,104.1492648,1.192216719,1.180997295,0.196514643,'912876O33',3),
('2017-01-01',102.7648242,104.4906627,1.196907609,1.177138673,-0.4043379206,'912876O33',3),
('2017-01-04',102.6869395,104.0350271,1.197815424,1.182294112,-0.07788465757,'912876O33',3),
('2017-01-07',102.565406,104.4590652,1.199234759,1.177494742,-0.1215335257,'912876O33',3),
('2017-01-10',102.8462956,103.9856906,1.195959458,1.182855057,0.2808896167,'912876O33',3),
('2017-01-13',102.7508856,103.9703993,1.197069974,1.183029024,-0.09540998206,'912876O33',3),
('2017-01-16',102.6546262,103.74156,1.198192469,1.18563862,-0.09625948796,'912876O33',3),
('2017-01-19',102.8462109,104.7493404,1.195960443,1.174231738,0.1915847862,'912876O33',3),
('2017-01-22',102.9027042,104.8219891,1.195303865,1.173417916,0.05649323036,'912876O33',3),
('2017-01-25',102.2070779,103.5435662,1.20343916,1.187905772,-0.6956262614,'912876O33',3),
('2017-01-28',102.1812375,103.8240848,1.203743495,1.184696212,-0.02584039489,'912876O33',3),
('2017-01-31',101.8445343,103.1733695,1.207723132,1.192168101,-0.3367031764,'912876O33',3),
('2017-02-03',102.4359696,103.9776459,1.200750092,1.182946574,0.5914352995,'912876O33',3),
('2017-02-06',102.4010342,103.8486609,1.201159744,1.18441585,-0.03493548068,'912876O33',3),
('2017-02-09',103.0018601,104.9266455,1.194153192,1.172247521,0.6008259675,'912876O33',3),
('2017-02-12',101.6147191,102.6001333,1.210454559,1.198828852,-1.387141031,'912876O33',3),
('2017-02-15',102.7517056,104.6089281,1.197060421,1.175807861,1.136986543,'912876O33',3),
('2017-02-18',102.0457162,103.2446009,1.205342121,1.19134559,-0.7059894716,'912876O33',3),
('2017-02-21',103.0487611,104.1009152,1.193609691,1.181545809,1.00304498,'912876O33',3),
('2017-02-24',102.8846261,103.4715196,1.195513894,1.188732904,-0.1641350256,'912876O33',3),
('2017-02-27',102.606496,103.8829741,1.198754511,1.18402463,-0.2781300757,'912876O33',3),
('2017-03-02',101.8191399,102.3984345,1.208024347,1.201190239,-0.7873561646,'912876O33',3),
('2017-03-05',102.1315676,103.1637279,1.204328915,1.192279521,0.3124277271,'912876O33',3),
('2017-03-08',101.6998563,103.2975968,1.209441237,1.190734381,-0.431711325,'912876O33',3),
('2017-03-11',101.7584206,102.6779467,1.208745176,1.197920332,0.05856428981,'912876O33',3),
('2017-03-14',102.6208869,103.1442308,1.198586406,1.192504894,0.8624663201,'912876O33',3),
('2017-03-17',102.2756185,103.2427817,1.202632668,1.191366582,-0.3452683798,'912876O33',3),
('2017-03-20',102.0147194,103.1789252,1.20570836,1.192103908,-0.2608991345,'912876O33',3),
('2017-03-23',102.4950889,103.8209667,1.200057499,1.184731793,0.4803694827,'912876O33',3),
('2017-03-26',101.9540738,103.3123672,1.206425555,1.190564144,-0.5410151046,'912876O33',3);

-- 2 Year Bond History Data

INSERT INTO bondhistory(time,bid,ask,yieldbid,yieldask,changeprice,cusip,bondid)
VALUES
('2016-06-02',99.465377,100.0740157,1.558331197,1.548853605,0.5346230008,'912828X72',4),
('2016-06-05',98.17842785,99.95805443,1.57875822,1.550650429,-1.286949154,'912828X72',4),
('2016-06-08',99.42967845,100.083107,1.55889069,1.548712911,1.251250601,'912828X72',4),
('2016-06-11',99.43521155,100.1760009,1.558803945,1.54727678,0.005533107189,'912828X72',4),
('2016-06-14',98.90161085,99.61121275,1.56721411,1.556049723,-0.5336007044,'912828X72',4),
('2016-06-17',99.17288186,100.6685211,1.562927255,1.539706735,0.2712710141,'912828X72',4),
('2016-06-20',98.45536658,99.88274093,1.574317433,1.551819649,-0.7175152829,'912828X72',4),
('2016-06-23',98.35629047,99.42867525,1.575903272,1.558906418,-0.09907610765,'912828X72',4),
('2016-06-26',98.95782475,100.3292918,1.566323839,1.544912729,0.6015342819,'912828X72',4),
('2016-06-29',98.90560061,100.084518,1.56715089,1.548691077,-0.05222414266,'912828X72',4),
('2016-07-02',98.9450259,100.7816663,1.566526448,1.537978143,0.03942528967,'912828X72',4),
('2016-07-05',98.87480139,100.3497555,1.567639053,1.544597685,-0.0702245152,'912828X72',4),
('2016-07-08',99.16242898,100.326654,1.563092006,1.544953348,0.2876275967,'912828X72',4),
('2016-07-11',99.28740458,101.0221912,1.561124502,1.534316354,0.1249756014,'912828X72',4),
('2016-07-14',99.07377511,99.9686751,1.564490702,1.550485688,-0.213629475,'912828X72',4),
('2016-07-17',99.07285057,99.97353518,1.564505302,1.550410313,-0.0009245372399,'912828X72',4),
('2016-07-20',98.96055161,99.832331,1.566280679,1.552603234,-0.1122989662,'912828X72',4),
('2016-07-23',99.57205345,100.4637965,1.55666168,1.542844342,0.6115018465,'912828X72',4),
('2016-07-26',98.78239037,99.51593875,1.569105581,1.557539445,-0.7896630818,'912828X72',4),
('2016-07-29',98.52729198,100.22188,1.573168174,1.546568474,-0.2550983859,'912828X72',4),
('2016-08-01',99.68894965,100.7989015,1.554836324,1.537715171,1.161657663,'912828X72',4),
('2016-08-04',99.34030583,101.061155,1.560293163,1.533724803,-0.3486438174,'912828X72',4),
('2016-08-07',98.4659169,99.21728699,1.57414875,1.56222776,-0.8743889337,'912828X72',4),
('2016-08-10',99.67298326,100.3446633,1.55508539,1.544676068,1.207066363,'912828X72',4),
('2016-08-13',98.76173701,99.55226293,1.569433717,1.556971137,-0.9112462494,'912828X72',4),
('2016-08-16',98.67742994,99.87928098,1.570774595,1.551873406,-0.08430707328,'912828X72',4),
('2016-08-19',98.67750874,100.5250585,1.57077334,1.541904102,0.00007880740282,'912828X72',4),
('2016-08-22',99.77648457,100.8015482,1.55347225,1.537674796,1.098975828,'912828X72',4),
('2016-08-25',99.71020728,100.4598969,1.554504842,1.542904231,-0.06627729168,'912828X72',4),
('2016-08-28',98.97189987,99.72002821,1.566101087,1.554351746,-0.7383074127,'912828X72',4),
('2016-08-31',99.11898127,100.3628668,1.56377717,1.5443959,0.1470814023,'912828X72',4),
('2016-09-03',99.63543561,101.2999579,1.555671424,1.530109225,0.5164543381,'912828X72',4),
('2016-09-06',99.03573673,99.76997191,1.565091603,1.553573656,-0.5996988786,'912828X72',4),
('2016-09-09',99.13801116,100.615596,1.563476997,1.540516642,0.1022744332,'912828X72',4),
('2016-09-12',98.56456062,99.34162585,1.572573337,1.56027243,-0.573450541,'912828X72',4),
('2016-09-15',99.99384382,101.9540792,1.550095427,1.520292285,1.4292832,'912828X72',4),
('2016-09-18',99.70975147,100.5236272,1.554511948,1.541926056,-0.2840923541,'912828X72',4),
('2016-09-21',98.94015062,100.3317401,1.566603639,1.54487503,-0.769600844,'912828X72',4),
('2016-09-24',99.23931449,100.1561784,1.561881002,1.54758301,0.2991638684,'912828X72',4),
('2016-09-27',99.03851913,100.779742,1.565047634,1.538007509,-0.2007953578,'912828X72',4),
('2016-09-30',99.52974311,100.1927817,1.557323421,1.547017633,0.4912239773,'912828X72',4),
('2016-10-03',98.97145463,100.4705327,1.566108133,1.542740899,-0.5582884779,'912828X72',4),
('2016-10-06',100.048749,101.1898711,1.549244759,1.531773865,1.077294341,'912828X72',4),
('2016-10-09',98.71688931,99.49001944,1.57014672,1.557945218,-1.331859668,'912828X72',4),
('2016-10-12',98.91531745,99.94581144,1.566996942,1.550840378,0.1984281432,'912828X72',4),
('2016-10-15',99.21459007,100.5125133,1.562270226,1.542096551,0.2992726185,'912828X72',4),
('2016-10-18',99.43105504,100.1044201,1.558869107,1.548383177,0.2164649684,'912828X72',4),
('2016-10-21',99.49143035,100.3063917,1.557923124,1.545265435,0.06037531644,'912828X72',4),
('2016-10-24',99.60326039,101.1934394,1.556173958,1.531719852,0.1118300373,'912828X72',4),
('2016-10-27',99.98739256,101.888076,1.55019544,1.521277131,0.384132169,'912828X72',4),
('2016-10-30',98.97849014,100.4424114,1.565996812,1.543172828,-1.008902422,'912828X72',4),
('2016-11-02',99.52094599,101.2503177,1.55746108,1.530859394,0.5424558547,'912828X72',4),
('2016-11-05',99.07560582,100.8171815,1.564461794,1.537436354,-0.4453401715,'912828X72',4),
('2016-11-08',98.95109626,99.91793724,1.566430347,1.551273017,-0.1245095638,'912828X72',4),
('2016-11-11',99.34937819,100.0197784,1.560150681,1.549693496,0.3982819285,'912828X72',4),
('2016-11-14',99.63393127,101.1300581,1.555694913,1.532679827,0.2845530855,'912828X72',4),
('2016-11-17',99.42968923,100.2326928,1.558890521,1.546401634,-0.2042420452,'912828X72',4),
('2016-11-20',99.23388941,100.7125248,1.56196639,1.539034001,-0.1957998152,'912828X72',4),
('2016-11-23',99.86721321,100.635602,1.552060932,1.540210392,0.6333237954,'912828X72',4),
('2016-11-26',99.33425401,100.6875939,1.560388222,1.539415076,-0.5329591957,'912828X72',4),
('2016-11-29',100.274172,102.1903567,1.545761954,1.516777169,0.9399179831,'912828X72',4),
('2016-12-02',99.09753044,100.3701361,1.564115668,1.544284047,-1.176641553,'912828X72',4),
('2016-12-05',100.0783502,101.3765758,1.548786522,1.528952806,0.980819783,'912828X72',4),
('2016-12-08',99.45438885,100.6204833,1.558503368,1.540441815,-0.6239613768,'912828X72',4),
('2016-12-11',99.61002047,101.4654621,1.556068348,1.527613404,0.1556316277,'912828X72',4),
('2016-12-14',99.94975863,101.0637059,1.550779133,1.53368609,0.3397381592,'912828X72',4),
('2016-12-17',100.4147686,101.5434808,1.543597642,1.526439697,0.4650099739,'912828X72',4),
('2016-12-20',100.446438,102.443502,1.543110966,1.513029103,0.03166940624,'912828X72',4),
('2016-12-23',100.0304243,101.8403116,1.549528566,1.521990629,-0.4160136653,'912828X72',4),
('2016-12-26',99.38023368,101.3560293,1.559666286,1.529262748,-0.6501906705,'912828X72',4),
('2016-12-29',99.48339155,100.9770127,1.558049013,1.535002827,0.103157872,'912828X72',4),
('2017-01-01',99.17617372,100.9049096,1.562875378,1.536099686,-0.3072178289,'912828X72',4),
('2017-01-04',99.94863836,101.0306044,1.550796515,1.534188585,0.7724646374,'912828X72',4),
('2017-01-07',99.27273902,100.8332827,1.561355127,1.537190855,-0.6758993332,'912828X72',4),
('2017-01-10',99.3784462,101.3103067,1.559694339,1.529952924,0.1057071735,'912828X72',4),
('2017-01-13',99.46033557,100.9221862,1.558410185,1.535836725,0.08188936859,'912828X72',4),
('2017-01-16',99.43773226,99.95843794,1.55876443,1.55064448,-0.02260330515,'912828X72',4),
('2017-01-19',99.42138259,101.3966867,1.559020766,1.528649555,-0.01634967057,'912828X72',4),
('2017-01-22',99.2883494,100.4255022,1.561109646,1.54343266,-0.133033195,'912828X72',4),
('2017-01-25',99.46241859,101.2520831,1.558377548,1.530832702,0.1740691961,'912828X72',4),
('2017-01-28',99.64123289,100.5242723,1.555580913,1.541916161,0.1788143023,'912828X72',4),
('2017-01-31',99.95353012,101.8021559,1.550720618,1.522561076,0.3122972223,'912828X72',4),
('2017-02-03',100.0436024,101.6416919,1.549324458,1.524964777,0.0900722679,'912828X72',4),
('2017-02-06',100.437185,101.8598309,1.543253128,1.521698972,0.3935826599,'912828X72',4),
('2017-02-09',100.5886431,101.7802,1.540929425,1.52288952,0.1514580771,'912828X72',4),
('2017-02-12',100.2372046,100.7877765,1.546332029,1.537884903,-0.3514385336,'912828X72',4),
('2017-02-15',100.6271798,101.4115992,1.540339303,1.528424768,0.38997524,'912828X72',4),
('2017-02-18',100.6891355,101.20235,1.539391506,1.531584988,0.06195570805,'912828X72',4),
('2017-02-21',99.62482173,100.6568666,1.555837163,1.539885009,-1.064313804,'912828X72',4),
('2017-02-24',100.325687,100.8789594,1.544968239,1.536494835,0.7008652764,'912828X72',4),
('2017-02-27',99.54389684,101.0543272,1.557101991,1.53382843,-0.781790166,'912828X72',4),
('2017-03-02',100.4851727,101.3903045,1.542516133,1.528745779,0.9412758356,'912828X72',4),
('2017-03-05',100.5372088,101.146384,1.541717757,1.53243244,0.05203610129,'912828X72',4),
('2017-03-08',100.8670522,102.7111079,1.536676215,1.509087023,0.3298434276,'912828X72',4),
('2017-03-11',100.8202388,101.8015229,1.537389732,1.522570543,-0.04681336489,'912828X72',4),
('2017-03-14',100.5366928,102.4438474,1.541725669,1.513024002,-0.2835460474,'912828X72',4),
('2017-03-17',100.339881,102.093582,1.544749689,1.518214926,-0.1968117629,'912828X72',4),
('2017-03-20',100.7813744,101.4596488,1.537982597,1.527700931,0.4414933841,'912828X72',4),
('2017-03-23',100.7811383,101.6843015,1.537986201,1.524325759,-0.0002361438361,'912828X72',4),
('2017-03-26',99.54133901,100.6068964,1.557142003,1.540649851,-1.239799261,'912828X72',4);


-- 3 Year Bond History Data

INSERT INTO bondhistory(time,bid,ask,yieldbid,yieldask,changeprice,cusip,bondid)
VALUES
('2016-06-02',102.6684024,103.7529362,1.519454831,1.503571906,-2.668402385,'912866JK8',5),
('2016-06-05',104.0348109,104.5805629,1.499498087,1.491672981,1.366408544,'912866JK8',5),
('2016-06-08',103.6967638,104.4837461,1.504386388,1.493055196,-0.3380471179,'912866JK8',5),
('2016-06-11',102.6559728,103.8324199,1.519638806,1.502420921,-1.040790974,'912866JK8',5),
('2016-06-14',103.2650723,104.2255454,1.510675357,1.496753982,0.6090994626,'912866JK8',5),
('2016-06-17',102.8236496,104.1799367,1.517160699,1.497409242,-0.4414227478,'912866JK8',5),
('2016-06-20',103.0294141,104.1354225,1.514130711,1.498049331,0.2057645425,'912866JK8',5),
('2016-06-23',102.6566111,104.0596774,1.519629358,1.499139762,-0.3728029955,'912866JK8',5),
('2016-06-26',102.6408154,103.4784477,1.519863218,1.507560303,-0.01579569496,'912866JK8',5),
('2016-06-29',102.4764046,103.8742926,1.522301652,1.501815281,-0.1644107987,'912866JK8',5),
('2016-07-02',102.8066032,104.4952533,1.517412259,1.492890778,0.3301986075,'912866JK8',5),
('2016-07-05',102.9129453,104.7790158,1.515844286,1.488847732,0.106342046,'912866JK8',5),
('2016-07-08',102.9341933,104.0224748,1.51553138,1.499675914,0.02124800387,'912866JK8',5),
('2016-07-11',103.7179828,104.6648513,1.504078616,1.490471711,0.7837895245,'912866JK8',5),
('2016-07-14',102.9714854,104.2677567,1.514982515,1.496148041,-0.7464973597,'912866JK8',5),
('2016-07-17',103.0308743,104.4902809,1.514109251,1.492961821,0.05938891936,'912866JK8',5),
('2016-07-20',102.6499665,103.7031562,1.519727725,1.504293656,-0.3809078678,'912866JK8',5),
('2016-07-23',103.4636528,104.3545226,1.507775879,1.494904065,0.8136863024,'912866JK8',5),
('2016-07-26',103.0451171,103.8913702,1.513899973,1.501568414,-0.4185356592,'912866JK8',5),
('2016-07-29',103.5418131,104.4153406,1.506637709,1.494033339,0.4966959329,'912866JK8',5),
('2016-08-01',102.3740906,103.8785425,1.52382306,1.501753838,-1.16772249,'912866JK8',5),
('2016-08-04',103.253548,104.9331124,1.510843966,1.486661326,0.8794574396,'912866JK8',5),
('2016-08-07',103.2528769,104.0754969,1.510853786,1.498911892,-0.0006710839138,'912866JK8',5),
('2016-08-10',102.2233487,103.3703225,1.526070139,1.509137209,-1.02952822,'912866JK8',5),
('2016-08-13',102.7342879,103.8060752,1.518480375,1.502802218,0.5109392189,'912866JK8',5),
('2016-08-16',102.8359424,104.091863,1.516979339,1.498676222,0.1016545065,'912866JK8',5),
('2016-08-19',102.3440926,103.9268476,1.524269706,1.501055826,-0.4918497895,'912866JK8',5),
('2016-08-22',102.9934759,103.7964804,1.514659046,1.502941134,0.6493832898,'912866JK8',5),
('2016-08-25',102.5255069,104.1167978,1.521572579,1.498317306,-0.4679689879,'912866JK8',5),
('2016-08-28',103.092659,104.8634208,1.513201827,1.487649352,0.5671520789,'912866JK8',5),
('2016-08-31',102.8919841,103.5986699,1.516153093,1.505810839,-0.2006748781,'912866JK8',5),
('2016-09-03',103.2592686,104.8207861,1.510760265,1.488254437,0.3672844968,'912866JK8',5),
('2016-09-06',101.9748764,103.6855025,1.529788567,1.50454978,-1.284392229,'912866JK8',5),
('2016-09-09',102.3749702,103.1333244,1.523809967,1.512605173,0.4000938256,'912866JK8',5),
('2016-09-12',102.2360322,103.64646,1.525880814,1.505116528,-0.138938075,'912866JK8',5),
('2016-09-15',102.4758489,103.9673384,1.522309907,1.500471229,0.239816725,'912866JK8',5),
('2016-09-18',102.9957657,104.9554055,1.514625372,1.48634555,0.5199168603,'912866JK8',5),
('2016-09-21',102.1933497,103.5191083,1.526518119,1.506968158,-0.8024160263,'912866JK8',5),
('2016-09-24',103.103882,104.5237502,1.513037114,1.492483762,0.9105322745,'912866JK8',5),
('2016-09-27',103.0465114,104.3906841,1.513879489,1.494386222,-0.05737057823,'912866JK8',5),
('2016-09-30',103.1555594,104.5259445,1.512279133,1.492452431,0.1090480088,'912866JK8',5),
('2016-10-03',102.579435,103.863115,1.520772657,1.501976905,-0.5761243753,'912866JK8',5),
('2016-10-06',101.8248913,102.9015657,1.532041901,1.516011918,-0.7545437869,'912866JK8',5),
('2016-10-09',102.0698641,102.7521443,1.528364923,1.518216491,0.2449728214,'912866JK8',5),
('2016-10-12',102.9567557,103.5622931,1.515199259,1.506339762,0.8868916361,'912866JK8',5),
('2016-10-15',102.3135602,103.3351086,1.524724578,1.509651483,-0.6431954704,'912866JK8',5),
('2016-10-18',102.4224317,103.2451443,1.523103849,1.510966943,0.1088714768,'912866JK8',5),
('2016-10-21',102.8148427,104.1102403,1.517290654,1.49841168,0.3924109974,'912866JK8',5),
('2016-10-24',102.9059987,104.3351855,1.515946611,1.495181125,0.0911559888,'912866JK8',5),
('2016-10-27',103.0862181,104.3907859,1.513296374,1.494384765,0.1802193487,'912866JK8',5),
('2016-10-30',101.747054,102.3315138,1.533213925,1.524457073,-1.339164047,'912866JK8',5),
('2016-11-02',101.6794603,102.9463112,1.534233162,1.515352985,-0.06759367026,'912866JK8',5),
('2016-11-05',101.7206532,103.4496441,1.533611858,1.507980055,0.04119286497,'912866JK8',5),
('2016-11-08',102.0368109,103.5822756,1.528860012,1.506049168,0.3161577417,'912866JK8',5),
('2016-11-11',102.1876248,104.1415199,1.52660364,1.497961621,0.1508138671,'912866JK8',5),
('2016-11-14',102.7641499,103.6964201,1.518039123,1.504391375,0.5765251147,'912866JK8',5),
('2016-11-17',102.8975314,103.5712056,1.516071356,1.50621014,0.1333815188,'912866JK8',5),
('2016-11-20',102.4880503,104.4667227,1.522128672,1.493298497,-0.4094811108,'912866JK8',5),
('2016-11-23',102.3725459,103.3098979,1.523846053,1.510019883,-0.1155044131,'912866JK8',5),
('2016-11-26',101.56556,103.4106386,1.535953723,1.508548851,-0.8069859113,'912866JK8',5),
('2016-11-29',102.7433819,104.7082382,1.518345971,1.489854119,1.177821903,'912866JK8',5),
('2016-12-02',102.5693636,104.1090487,1.520921984,1.49842883,-0.174018275,'912866JK8',5),
('2016-12-05',102.1481647,103.566984,1.527193372,1.506271535,-0.4211989911,'912866JK8',5),
('2016-12-08',102.6716627,103.9108072,1.519406581,1.501287539,0.5234980633,'912866JK8',5),
('2016-12-11',102.3417485,102.8589439,1.524304619,1.51664011,-0.3299141857,'912866JK8',5),
('2016-12-14',102.797668,104.424984,1.517544153,1.493895369,0.4559194338,'912866JK8',5),
('2016-12-17',101.4964844,103.3556569,1.536999049,1.509351347,-1.301183536,'912866JK8',5),
('2016-12-20',101.7140335,103.0678628,1.533711668,1.513565876,0.2175490703,'912866JK8',5),
('2016-12-23',102.3058104,103.5816395,1.524840079,1.506058417,0.5917768786,'912866JK8',5),
('2016-12-26',102.0588706,102.8604645,1.528529555,1.516617689,-0.2469398114,'912866JK8',5),
('2016-12-29',101.9292859,103.0571067,1.530472804,1.513723846,-0.1295846869,'912866JK8',5),
('2017-01-01',101.7081616,102.5698277,1.533800213,1.520915103,-0.2211242408,'912866JK8',5),
('2017-01-04',102.541811,103.2969103,1.52133065,1.51020974,0.8336493447,'912866JK8',5),
('2017-01-07',102.8084547,104.653487,1.517384931,1.490633561,0.2666437648,'912866JK8',5),
('2017-01-10',102.7707669,103.5090224,1.517941383,1.507114997,-0.03768788325,'912866JK8',5),
('2017-01-13',102.2876516,102.8015546,1.525110779,1.51748678,-0.4831153008,'912866JK8',5),
('2017-01-16',102.6226868,104.3802304,1.520131707,1.494535885,0.3350351957,'912866JK8',5),
('2017-01-19',101.684511,103.6745165,1.534156958,1.504709212,-0.9381757715,'912866JK8',5),
('2017-01-22',101.6158113,102.2497927,1.535194159,1.525675465,-0.06869969182,'912866JK8',5),
('2017-01-25',102.7131738,104.2073204,1.51879252,1.497015751,1.097362462,'912866JK8',5),
('2017-01-28',101.7465036,103.3536427,1.533222218,1.509380762,-0.966670117,'912866JK8',5),
('2017-01-31',102.1015726,104.0915401,1.527890277,1.498680871,0.3550689629,'912866JK8',5),
('2017-02-03',102.6259963,103.6723139,1.520082686,1.50474118,0.524423656,'912866JK8',5),
('2017-02-06',101.4120249,102.2573632,1.538279116,1.525562513,-1.213971341,'912866JK8',5),
('2017-02-09',102.1293117,103.2350933,1.52747529,1.511114051,0.7172867483,'912866JK8',5),
('2017-02-12',101.7686152,102.8558605,1.53288909,1.516685576,-0.3606964403,'912866JK8',5),
('2017-02-15',102.2004462,103.020999,1.526412122,1.51425439,0.4318309982,'912866JK8',5),
('2017-02-18',102.1791565,102.8894554,1.52673016,1.516190356,-0.02128968469,'912866JK8',5),
('2017-02-21',102.0570265,102.8540125,1.528557173,1.516712827,-0.1221300066,'912866JK8',5),
('2017-02-24',101.4495795,102.2547226,1.537709676,1.525601909,-0.6074470277,'912866JK8',5),
('2017-02-27',101.4336445,102.4155801,1.537951247,1.523205744,-0.01593504203,'912866JK8',5),
('2017-03-02',101.5455316,102.0466077,1.536256668,1.528713236,0.1118870953,'912866JK8',5),
('2017-03-05',102.695948,103.6917386,1.519047276,1.504459295,1.150416395,'912866JK8',5),
('2017-03-08',102.1597765,104.0268681,1.527019786,1.499612579,-0.5361714968,'912866JK8',5),
('2017-03-11',102.1473104,103.8353005,1.527206143,1.502379241,-0.01246600986,'912866JK8',5),
('2017-03-14',101.1946684,102.6819977,1.541583192,1.519253652,-0.9526420098,'912866JK8',5),
('2017-03-17',102.1365236,103.5553757,1.527367435,1.506440385,0.941855137,'912866JK8',5),
('2017-03-20',101.8665347,103.2871106,1.531415596,1.510353026,-0.2699888428,'912866JK8',5),
('2017-03-23',102.1584528,102.7470874,1.527039571,1.518291214,0.2919180877,'912866JK8',5),
('2017-03-26',101.1832315,102.352215,1.541757441,1.524148744,-0.9752213473,'912866JK8',5);


-- 5 Year Bond History Data

INSERT INTO bondhistory(time,bid,ask,yieldbid,yieldask,changeprice,cusip,bondid)
VALUES
('2016-06-02',103.3240262,105.2454735,1.713057519,1.681782542,-3.324026241,'912894V45',6),
('2016-06-05',103.0181375,104.2872678,1.718144051,1.697234991,-0.3058887769,'912894V45',6),
('2016-06-08',104.0375499,104.8486206,1.701308808,1.688148103,1.019412437,'912894V45',6),
('2016-06-11',103.6829855,104.2752528,1.707126768,1.697430552,-0.3545643695,'912894V45',6),
('2016-06-14',103.4377763,104.8103807,1.711173676,1.688764022,-0.2452091965,'912894V45',6),
('2016-06-17',102.6825354,104.0533615,1.723759541,1.701050282,-0.7552409844,'912894V45',6),
('2016-06-20',102.7057009,104.3960916,1.723370742,1.695465772,0.02316554351,'912894V45',6),
('2016-06-23',103.2474546,104.8865104,1.714327978,1.687538267,0.5417536676,'912894V45',6),
('2016-06-26',103.9226376,105.2049425,1.703190028,1.682430462,0.6751830041,'912894V45',6),
('2016-06-29',103.1497824,104.3972971,1.71595127,1.695446194,-0.772855203,'912894V45',6),
('2016-07-02',103.3898583,104.0081548,1.711966753,1.701789637,0.2400759127,'912894V45',6),
('2016-07-05',103.0224358,104.0259734,1.718072366,1.701498137,-0.367422509,'912894V45',6),
('2016-07-08',103.3785322,104.7434259,1.712154316,1.689843524,0.3560963918,'912894V45',6),
('2016-07-11',103.8704192,104.5714681,1.704046267,1.692622311,0.4918870117,'912894V45',6),
('2016-07-14',102.4883527,104.2712553,1.727025513,1.697495628,-1.382066439,'912894V45',6),
('2016-07-17',102.8439124,104.4004651,1.721054711,1.695394746,0.3555597153,'912894V45',6),
('2016-07-20',102.967987,104.8488099,1.718980871,1.688145056,0.1240745915,'912894V45',6),
('2016-07-23',103.4991744,104.6722855,1.71015857,1.690992025,0.5311873235,'912894V45',6),
('2016-07-26',102.6234303,103.4596045,1.724752324,1.710812649,-0.8757440269,'912894V45',6),
('2016-07-29',103.0383351,103.7818125,1.71780726,1.705501144,0.4149047274,'912894V45',6),
('2016-08-01',103.0726737,104.9136399,1.717234973,1.687101889,0.03433863682,'912894V45',6),
('2016-08-04',102.3936628,104.1709421,1.728622604,1.699130261,-0.6790109217,'912894V45',6),
('2016-08-07',102.5967914,104.5027572,1.72520015,1.693735216,0.2031286678,'912894V45',6),
('2016-08-10',102.505777,104.2010331,1.726731948,1.698639589,-0.09101445219,'912894V45',6),
('2016-08-13',102.6886293,103.9598361,1.723657246,1.702580599,0.1828523333,'912894V45',6),
('2016-08-16',103.2385416,103.9145745,1.714475981,1.703322183,0.549912311,'912894V45',6),
('2016-08-19',102.610724,104.0280801,1.724965901,1.70146368,-0.6278176355,'912894V45',6),
('2016-08-22',103.076009,104.7437772,1.717179408,1.689837857,0.4652849567,'912894V45',6),
('2016-08-25',103.3439079,105.0980006,1.712727955,1.684142409,0.2678989229,'912894V45',6),
('2016-08-28',102.5587963,103.5470422,1.725839289,1.709367996,-0.7851116067,'912894V45',6),
('2016-08-31',102.2372534,103.6148278,1.731267167,1.708249715,-0.3215429123,'912894V45',6),
('2016-09-03',103.3386642,104.7712477,1.712814863,1.68939479,1.10141083,'912894V45',6),
('2016-09-06',103.458584,104.7979431,1.710829524,1.688964447,0.1199198214,'912894V45',6),
('2016-09-09',102.2608276,103.5485415,1.730868057,1.709343245,-1.197756428,'912894V45',6),
('2016-09-12',103.4927303,104.6465473,1.710265055,1.69140793,1.23190268,'912894V45',6),
('2016-09-15',103.0236659,104.6408142,1.718051851,1.6915006,-0.4690643249,'912894V45',6),
('2016-09-18',102.4420306,103.7321431,1.727806437,1.706317778,-0.5816352946,'912894V45',6),
('2016-09-21',103.2150128,103.843275,1.714866813,1.704491696,0.7729821069,'912894V45',6),
('2016-09-24',103.250279,104.398529,1.714281082,1.695426188,0.03526627059,'912894V45',6),
('2016-09-27',103.3830894,105.2505407,1.712078842,1.681701574,0.1328103803,'912894V45',6),
('2016-09-30',102.6973931,103.2038694,1.723510155,1.715051975,-0.6856962587,'912894V45',6),
('2016-10-03',103.2684113,105.1743924,1.713980082,1.68291916,0.5710181221,'912894V45',6),
('2016-10-06',103.0975278,104.2470222,1.716820993,1.697890225,-0.1708835032,'912894V45',6),
('2016-10-09',102.90063,103.9818457,1.720106087,1.702220217,-0.1968977896,'912894V45',6),
('2016-10-12',102.5781812,104.4216721,1.725513144,1.695050428,-0.3224487664,'912894V45',6),
('2016-10-15',102.9512883,103.6954242,1.71925969,1.706921992,0.3731070828,'912894V45',6),
('2016-10-18',102.1220425,102.6369354,1.733220328,1.724525379,-0.8292458122,'912894V45',6),
('2016-10-21',103.0298496,104.8645138,1.717948738,1.687892248,0.9078070864,'912894V45',6),
('2016-10-24',102.2169005,103.1319698,1.731611887,1.716247642,-0.8129490284,'912894V45',6),
('2016-10-27',103.0161269,104.4774256,1.718177583,1.694145879,0.7992263913,'912894V45',6),
('2016-10-30',102.9818869,104.6947386,1.718748853,1.690629371,-0.03424003997,'912894V45',6),
('2016-11-02',103.0373728,104.5382764,1.717823303,1.693159731,0.05548586823,'912894V45',6),
('2016-11-05',102.5206463,104.3714473,1.726481508,1.695866106,-0.5167264439,'912894V45',6),
('2016-11-08',102.3228015,103.8810497,1.729819722,1.703871886,-0.1978448379,'912894V45',6),
('2016-11-11',101.9937301,103.123287,1.735400793,1.716392146,-0.3290714052,'912894V45',6),
('2016-11-14',102.4022052,103.3351818,1.728478402,1.712872586,0.4084751246,'912894V45',6),
('2016-11-17',102.0035803,103.3509855,1.735233209,1.712610666,-0.3986248854,'912894V45',6),
('2016-11-20',101.9585835,102.4927682,1.73599901,1.726951111,-0.04499681238,'912894V45',6),
('2016-11-23',101.8459233,102.765286,1.737919341,1.722371503,-0.1126601652,'912894V45',6),
('2016-11-26',102.5973453,104.5569719,1.725190837,1.692856983,0.7514219548,'912894V45',6),
('2016-11-29',102.5012134,103.7328394,1.726808826,1.706306325,-0.09613188854,'912894V45',6),
('2016-12-02',102.3566525,103.0744598,1.729247643,1.717205216,-0.1445609372,'912894V45',6),
('2016-12-05',101.9189689,102.9721131,1.736673771,1.718911992,-0.4376836083,'912894V45',6),
('2016-12-08',101.9548618,103.2716861,1.736062379,1.713925729,0.03589298608,'912894V45',6),
('2016-12-11',102.1864153,102.812786,1.732128478,1.721575758,0.2315534815,'912894V45',6),
('2016-12-14',103.0517832,104.2255829,1.717583087,1.698239483,0.8653679055,'912894V45',6),
('2016-12-17',102.5708012,104.1647196,1.725637295,1.699231761,-0.4809820055,'912894V45',6),
('2016-12-20',101.690609,102.7037088,1.740573704,1.723404169,-0.8801921939,'912894V45',6),
('2016-12-23',102.6820738,104.3689577,1.723767289,1.69590656,0.9914647943,'912894V45',6),
('2016-12-26',101.5868815,102.7071535,1.742350955,1.723346368,-1.09519232,'912894V45',6),
('2016-12-29',101.6193045,102.2233276,1.741795035,1.731503016,0.0324229883,'912894V45',6),
('2017-01-01',102.5397509,104.0414814,1.726159839,1.701244519,0.9204464623,'912894V45',6),
('2017-01-04',101.9403249,103.6890827,1.736309947,1.707026385,-0.5994260982,'912894V45',6),
('2017-01-07',101.9590402,103.1267461,1.735991234,1.716334575,0.0187153634,'912894V45',6),
('2017-01-10',102.1294859,104.0926417,1.733094007,1.700408377,0.1704457071,'912894V45',6),
('2017-01-13',101.829267,103.2370962,1.738203616,1.714499986,-0.300218959,'912894V45',6),
('2017-01-16',101.9332755,102.5378492,1.736430024,1.726191854,0.1040085514,'912894V45',6),
('2017-01-19',102.8687873,104.4337352,1.72063854,1.694854634,0.9355118102,'912894V45',6),
('2017-01-22',101.4877289,102.7392964,1.744053217,1.722807204,-1.381058443,'912894V45',6),
('2017-01-25',102.6886107,103.6219918,1.723657558,1.708131612,1.20088183,'912894V45',6),
('2017-01-28',102.0751422,103.0761134,1.734016688,1.717177668,-0.6134685364,'912894V45',6),
('2017-01-31',102.4111984,103.9239987,1.728326616,1.703167721,0.3360562586,'912894V45',6),
('2017-02-03',102.6205464,103.3482541,1.724800795,1.712655928,0.2093479639,'912894V45',6),
('2017-02-06',102.4746938,104.4129682,1.727255711,1.695191727,-0.1458526363,'912894V45',6),
('2017-02-09',102.1707251,103.9936692,1.732394479,1.702026684,-0.3039686903,'912894V45',6),
('2017-02-12',102.2225448,103.2032998,1.731516276,1.715061441,0.05181969411,'912894V45',6),
('2017-02-15',101.5902572,102.8948758,1.742293058,1.720202281,-0.6322875208,'912894V45',6),
('2017-02-18',102.8623661,103.9327403,1.720745951,1.70302447,1.272108896,'912894V45',6),
('2017-02-21',101.5601415,103.367299,1.742809702,1.71234038,-1.302224619,'912894V45',6),
('2017-02-24',101.9711493,102.8085669,1.735785085,1.721646409,0.4110077485,'912894V45',6),
('2017-02-27',102.1750069,102.979382,1.732321879,1.71879066,0.2038576654,'912894V45',6),
('2017-03-02',101.9265658,103.1192489,1.73654433,1.716459361,-0.248441106,'912894V45',6),
('2017-03-05',102.5047397,103.0058235,1.726749422,1.718349448,0.5781738489,'912894V45',6),
('2017-03-08',102.4561222,104.4362905,1.727568799,1.694813165,-0.04861745441,'912894V45',6),
('2017-03-11',101.9155547,103.0604218,1.73673195,1.717439118,-0.5405675726,'912894V45',6),
('2017-03-14',102.4173086,103.147948,1.728223504,1.715981786,0.5017539849,'912894V45',6),
('2017-03-17',102.2341145,103.7938707,1.731320322,1.705303008,-0.1831941273,'912894V45',6),
('2017-03-20',101.4526485,102.9772553,1.744656277,1.718826157,-0.781466003,'912894V45',6),
('2017-03-23',102.4862487,104.4744702,1.727060969,1.694193802,1.033600175,'912894V45',6),
('2017-03-26',101.8036907,103.741287,1.738640307,1.706167382,-0.6825580081,'912894V45',6);


-- 7 Year Bond History Data

INSERT INTO bondhistory(time,bid,ask,yieldbid,yieldask,changeprice,cusip,bondid)
VALUES
('2016-06-02',98.85920691,99.44901001,2.114117709,2.101579493,1.140793088,'912810FH6',7),
('2016-06-05',98.10600712,99.88824575,2.130348652,2.092338277,-0.7531997955,'912810FH6',7),
('2016-06-08',99.34488125,100.5268748,2.103782272,2.07904603,1.238874129,'912810FH6',7),
('2016-06-11',98.76592429,100.2908549,2.116114455,2.083938762,-0.5789569573,'912810FH6',7),
('2016-06-14',98.85861164,99.77542762,2.114130439,2.094704127,0.09268735329,'912810FH6',7),
('2016-06-17',99.04380791,100.5817103,2.110177349,2.077912568,0.1851962654,'912810FH6',7),
('2016-06-20',98.7079717,99.74131226,2.11735685,2.095420596,-0.3358362096,'912810FH6',7),
('2016-06-23',98.86244503,100.1337121,2.114048463,2.087209149,0.1544733345,'912810FH6',7),
('2016-06-26',98.80002029,100.4097004,2.115384181,2.081472201,-0.06242474227,'912810FH6',7),
('2016-06-29',98.5615484,99.50111123,2.120502401,2.100479054,-0.2384718908,'912810FH6',7),
('2016-07-02',99.24409341,100.4591435,2.105918779,2.08044776,0.6825450101,'912810FH6',7),
('2016-07-05',99.66879315,101.2838857,2.096945226,2.06350693,0.4246997391,'912810FH6',7),
('2016-07-08',99.6318363,101.1086749,2.097723055,2.067082771,-0.03695684317,'912810FH6',7),
('2016-07-11',98.67243764,99.71647221,2.118119355,2.09594258,-0.9593986691,'912810FH6',7),
('2016-07-14',99.50493936,100.8827349,2.100398245,2.071712272,0.832501724,'912810FH6',7),
('2016-07-17',98.56168806,100.5609031,2.120499396,2.078342512,-0.9432513017,'912810FH6',7),
('2016-07-20',99.52356287,101.4125403,2.100005205,2.060889111,0.961874812,'912810FH6',7),
('2016-07-23',99.65633681,100.7037305,2.09720733,2.075394813,0.1327739366,'912810FH6',7),
('2016-07-26',99.81474413,101.0712313,2.093879034,2.067848559,0.1584073192,'912810FH6',7),
('2016-07-29',99.29945065,100.1442078,2.104744776,2.086990397,-0.515293472,'912810FH6',7),
('2016-08-01',99.4932651,100.3875903,2.1006447,2.081930639,0.1938144508,'912810FH6',7),
('2016-08-04',99.83600646,101.818034,2.093433095,2.052681551,0.3427413545,'912810FH6',7),
('2016-08-07',99.90751583,100.7993353,2.091934708,2.073426371,0.0715093692,'912810FH6',7),
('2016-08-10',99.44636748,101.4265522,2.101635337,2.060604403,-0.4611483484,'912810FH6',7),
('2016-08-13',99.26982347,100.8919554,2.105372939,2.071522939,-0.1765440145,'912810FH6',7),
('2016-08-16',98.84636503,100.135629,2.11439237,2.087169194,-0.4234584383,'912810FH6',7),
('2016-08-19',99.48452567,100.8227642,2.100829236,2.072944554,0.6381606382,'912810FH6',7),
('2016-08-22',99.10549609,100.6715291,2.10886387,2.076058662,-0.3790295796,'912810FH6',7),
('2016-08-25',99.68774909,101.152308,2.096546485,2.066191114,0.5822530066,'912810FH6',7),
('2016-08-28',98.87136839,99.97293334,2.113857666,2.090565846,-0.8163807024,'912810FH6',7),
('2016-08-31',99.26041443,100.2964781,2.10557251,2.083821924,0.3890460383,'912810FH6',7),
('2016-09-03',100.1220211,101.1588354,2.087452867,2.066057791,0.8616066726,'912810FH6',7),
('2016-09-06',100.3704213,101.2726361,2.082286767,2.063736149,0.2484001517,'912810FH6',7),
('2016-09-09',100.1981196,101.1413888,2.085867487,2.06641418,-0.1723016215,'912810FH6',7),
('2016-09-12',98.94127537,100.3417721,2.112364119,2.082881293,-1.256844264,'912810FH6',7),
('2016-09-15',99.79426995,101.7508606,2.094308622,2.054036682,0.8529945806,'912810FH6',7),
('2016-09-18',99.83260537,100.546178,2.093504414,2.078646887,0.03833541977,'912810FH6',7),
('2016-09-21',99.81281817,101.2466849,2.093919437,2.064265119,-0.01978720027,'912810FH6',7),
('2016-09-24',99.45307234,100.5083272,2.10149365,2.079429692,-0.3597458224,'912810FH6',7),
('2016-09-27',100.0044979,100.5641954,2.089905998,2.078274472,0.5514255634,'912810FH6',7),
('2016-09-30',99.50811169,101.1916134,2.100331284,2.065388553,-0.4963862145,'912810FH6',7),
('2016-10-03',99.13815818,100.0909504,2.108169083,2.088100864,-0.3699535118,'912810FH6',7),
('2016-10-06',100.6137537,101.1273142,2.077250796,2.066701778,1.475595552,'912810FH6',7),
('2016-10-09',100.5565519,102.1796534,2.078432444,2.045416998,-0.05720178937,'912810FH6',7),
('2016-10-12',100.0834536,101.8846023,2.088257274,2.051340392,-0.4730983167,'912810FH6',7),
('2016-10-15',100.386785,100.9865036,2.081947339,2.069583485,0.3033314108,'912810FH6',7),
('2016-10-18',99.31742006,101.3016421,2.104363966,2.063145233,-1.069364974,'912810FH6',7),
('2016-10-21',99.88252242,101.0743997,2.092458169,2.067783738,0.5651023535,'912810FH6',7),
('2016-10-24',99.89336496,101.2057674,2.092231052,2.065099702,0.01084253737,'912810FH6',7),
('2016-10-27',99.88041957,101.539757,2.092502223,2.058307073,-0.01294538488,'912810FH6',7),
('2016-10-30',99.67390589,101.0294477,2.096837664,2.068703776,-0.2065136852,'912810FH6',7),
('2016-11-02',99.65549218,100.2097794,2.097225104,2.085624788,-0.01841370506,'912810FH6',7),
('2016-11-05',99.50903594,100.3762135,2.100311776,2.082166609,-0.1464562433,'912810FH6',7),
('2016-11-08',100.5592596,101.7138697,2.07837648,2.054783684,1.050223662,'912810FH6',7),
('2016-11-11',100.4221346,101.7069178,2.081214473,2.054924135,-0.1371249716,'912810FH6',7),
('2016-11-14',99.72049256,101.4584421,2.095858079,2.059956724,-0.7016420678,'912810FH6',7),
('2016-11-17',100.5249269,101.4016765,2.079086317,2.061109907,0.8044343425,'912810FH6',7),
('2016-11-20',100.2812675,102.2287409,2.084137997,2.044434845,-0.2436593977,'912810FH6',7),
('2016-11-23',100.310606,101.5065385,2.083528435,2.058980664,0.02933853685,'912810FH6',7),
('2016-11-26',100.1307753,101.3043528,2.087270365,2.063090027,-0.1798307011,'912810FH6',7),
('2016-11-29',100.4250194,101.9963969,2.081154689,2.049091992,0.2942440429,'912810FH6',7),
('2016-12-02',99.88595408,101.6069376,2.092386281,2.056946158,-0.5390653056,'912810FH6',7),
('2016-12-05',101.0133755,102.3768665,2.069032927,2.041476822,1.127421447,'912810FH6',7),
('2016-12-08',100.4515104,101.9992861,2.080605848,2.049033949,-0.5618650977,'912810FH6',7),
('2016-12-11',100.7843635,101.4078108,2.073734384,2.060985226,0.3328531102,'912810FH6',7),
('2016-12-14',100.3722671,100.9241529,2.082248474,2.070862067,-0.4120964307,'912810FH6',7),
('2016-12-17',101.0248849,102.6599139,2.068797209,2.03584819,0.6526178163,'912810FH6',7),
('2016-12-20',100.3680181,101.1093952,2.082336625,2.067068046,-0.656866865,'912810FH6',7),
('2016-12-23',99.93678181,100.5131535,2.091322096,2.079329847,-0.4312362455,'912810FH6',7),
('2016-12-26',100.915195,102.0727851,2.071045891,2.047558513,0.978413194,'912810FH6',7),
('2016-12-29',99.85200362,101.0722423,2.093097709,2.067827874,-1.063191386,'912810FH6',7),
('2017-01-01',100.0106458,101.1354506,2.089777527,2.06653551,0.1586421454,'912810FH6',7),
('2017-01-04',100.1145879,101.3090666,2.087607855,2.062994035,0.103942102,'912810FH6',7),
('2017-01-07',100.820694,102.5972337,2.072987119,2.037091962,0.7061061405,'912810FH6',7),
('2017-01-10',100.69664,102.5458586,2.075540951,2.038112537,-0.1240539607,'912810FH6',7),
('2017-01-13',100.2833985,102.1403421,2.08409371,2.04620423,-0.4132415388,'912810FH6',7),
('2017-01-16',100.9411801,102.6653061,2.070512746,2.035741263,0.6577815951,'912810FH6',7),
('2017-01-19',101.3935488,102.9095059,2.061275125,2.030910538,0.4523687119,'912810FH6',7),
('2017-01-22',100.1972824,102.175007,2.085884916,2.045510014,-1.196266383,'912810FH6',7),
('2017-01-25',100.8584321,102.5674374,2.072211471,2.037683746,0.6611496819,'912810FH6',7),
('2017-01-28',101.0323695,101.9636425,2.06864395,2.049750234,0.1739374263,'912810FH6',7),
('2017-01-31',101.067776,101.9437262,2.067919254,2.050150684,0.03540647691,'912810FH6',7),
('2017-02-03',100.6728282,102.2649509,2.076031871,2.04371095,-0.3949477692,'912810FH6',7),
('2017-02-06',101.3735189,102.6833914,2.061682403,2.035382715,0.7006906337,'912810FH6',7),
('2017-02-09',101.3373008,102.4930467,2.062419251,2.039162721,-0.03621806549,'912810FH6',7),
('2017-02-12',101.5241795,103.0581437,2.058622892,2.027981414,0.186878677,'912810FH6',7),
('2017-02-15',101.187062,102.7288377,2.065481455,2.03448228,-0.3371175243,'912810FH6',7),
('2017-02-18',101.2445951,102.8290005,2.064307726,2.03250055,0.05753318086,'912810FH6',7),
('2017-02-21',101.2248265,103.2222581,2.064710875,2.0247571,-0.01976868139,'912810FH6',7),
('2017-02-24',100.8946672,101.7432309,2.071467262,2.054190713,-0.330159281,'912810FH6',7),
('2017-02-27',100.6271404,101.8287417,2.076974454,2.052465703,-0.2675267855,'912810FH6',7),
('2017-03-02',101.3804998,102.9116937,2.061540439,2.030867363,0.7533593795,'912810FH6',7),
('2017-03-05',101.196193,102.320825,2.065295084,2.042594945,-0.1843067393,'912810FH6',7),
('2017-03-08',101.5279388,102.4444673,2.058546666,2.040129696,0.3317457786,'912810FH6',7),
('2017-03-11',101.3644447,103.0069768,2.061866966,2.028988778,-0.1634941597,'912810FH6',7),
('2017-03-14',100.9620133,102.8232573,2.070085501,2.032614076,-0.4024313169,'912810FH6',7),
('2017-03-17',100.979899,101.5497139,2.069718845,2.058105256,0.01788567831,'912810FH6',7),
('2017-03-20',101.6661538,103.0584019,2.055748075,2.027976334,0.6862547719,'912810FH6',7),
('2017-03-23',100.9411587,101.8037748,2.070513185,2.052969061,-0.7249951114,'912810FH6',7),
('2017-03-26',100.8223069,102.7163836,2.072953956,2.034728957,-0.1188517423,'912810FH6',7);

-- 10 Year Bond History Data

INSERT INTO bondhistory(time,bid,ask,yieldbid,yieldask,changeprice,cusip,bondid)
VALUES
('2016-06-02',98.30562266,99.03310757,4.658940024,4.624716029,1.69437734,'912812N28',8),
('2016-06-05',99.20835652,100.9944664,4.61654659,4.534901926,0.9027338632,'912812N28',8),
('2016-06-08',98.67239612,100.5740365,4.641622359,4.553859188,-0.5359604064,'912812N28',8),
('2016-06-11',99.10832153,100.5362977,4.621206302,4.555568588,0.4359254131,'912812N28',8),
('2016-06-14',99.56663998,100.7819101,4.599934276,4.544466357,0.458318451,'912812N28',8),
('2016-06-17',98.38248014,99.57814121,4.655300408,4.599402986,-1.184159837,'912812N28',8),
('2016-06-20',99.2182326,99.90373945,4.616087064,4.584412981,0.8357524551,'912812N28',8),
('2016-06-23',98.34306251,99.68481409,4.657166335,4.594481157,-0.8751700863,'912812N28',8),
('2016-06-26',98.69610418,99.46853438,4.640507382,4.604471181,0.3530416621,'912812N28',8),
('2016-06-29',98.99191616,100.1528092,4.626640414,4.573012016,0.2958119831,'912812N28',8),
('2016-07-02',98.90503883,100.7445952,4.630704415,4.54614959,-0.0868773257,'912812N28',8),
('2016-07-05',99.00578778,100.3030096,4.62599218,4.566164083,0.1007489465,'912812N28',8),
('2016-07-08',98.67569564,100.2662703,4.641467152,4.567837207,-0.3300921344,'912812N28',8),
('2016-07-11',98.9206881,100.0282854,4.629971837,4.578704897,0.2449924597,'912812N28',8),
('2016-07-14',98.55898405,99.67051181,4.646963485,4.595140445,-0.3617040535,'912812N28',8),
('2016-07-17',99.82312429,100.650873,4.588115261,4.550382787,1.264140242,'912812N28',8),
('2016-07-20',98.88917122,99.97186103,4.631447451,4.581289128,-0.9339530696,'912812N28',8),
('2016-07-23',98.78713807,100.0965879,4.636231082,4.575580542,-0.1020331527,'912812N28',8),
('2016-07-26',98.63468732,100.3410189,4.643396887,4.564434417,-0.1524507549,'912812N28',8),
('2016-07-29',99.14911347,101.0638172,4.619305044,4.53179004,0.514426158,'912812N28',8),
('2016-08-01',99.6820609,100.6074296,4.594608055,4.552347693,0.5329474309,'912812N28',8),
('2016-08-04',98.98722167,100.2548888,4.626859834,4.568355773,-0.6948392361,'912812N28',8),
('2016-08-07',99.4967553,100.5803298,4.603165185,4.55357425,0.5095336362,'912812N28',8),
('2016-08-10',98.86914751,100.3458138,4.632385446,4.564216308,-0.6276077992,'912812N28',8),
('2016-08-13',99.07489218,100.8754879,4.622765566,4.540250657,0.2057446724,'912812N28',8),
('2016-08-16',99.55039402,100.6975429,4.600684955,4.54827384,0.475501843,'912812N28',8),
('2016-08-19',99.24193896,100.2463828,4.614984399,4.568743403,-0.3084550615,'912812N28',8),
('2016-08-22',99.84598927,100.3577795,4.587064572,4.563672118,0.6040503103,'912812N28',8),
('2016-08-25',98.66840013,99.94884489,4.64181034,4.582344103,-1.17758914,'912812N28',8),
('2016-08-28',99.86082216,101.1670412,4.586383229,4.527166104,1.192422029,'912812N28',8),
('2016-08-31',98.95839368,100.4172032,4.628207704,4.560971481,-0.9024284822,'912812N28',8),
('2016-09-03',99.64811038,100.7660561,4.596173458,4.545181362,0.6897166996,'912812N28',8),
('2016-09-06',98.82470835,99.49775969,4.634468521,4.603118718,-0.8234020243,'912812N28',8),
('2016-09-09',100.1716574,101.5037313,4.572151561,4.512149396,1.346949092,'912812N28',8),
('2016-09-12',100.1935267,101.1719319,4.571153598,4.526947262,0.02186924774,'912812N28',8),
('2016-09-15',99.17558159,101.1658315,4.618072238,4.527220242,-1.017945101,'912812N28',8),
('2016-09-18',99.58346452,101.1066807,4.599157121,4.529868816,0.4078829297,'912812N28',8),
('2016-09-21',99.71510272,101.5841476,4.593085576,4.508577479,0.1316381956,'912812N28',8),
('2016-09-24',99.27691687,99.99386225,4.613358416,4.580281126,-0.4381858432,'912812N28',8),
('2016-09-27',99.67375039,101.5443419,4.59499114,4.510344855,0.3968335218,'912812N28',8),
('2016-09-30',100.1469151,101.4829167,4.573281159,4.513074857,0.4731647125,'912812N28',8),
('2016-10-03',100.0860085,100.9877972,4.576064194,4.535201409,-0.06090656621,'912812N28',8),
('2016-10-06',100.0197906,101.0728309,4.579093769,4.531385894,-0.06621792471,'912812N28',8),
('2016-10-09',98.99993951,100.2987013,4.626265453,4.566360221,-1.019851106,'912812N28',8),
('2016-10-12',99.14290382,100.6095829,4.619594367,4.552250262,0.1429643056,'912812N28',8),
('2016-10-15',98.95173281,99.48224382,4.628519249,4.603836649,-0.191171007,'912812N28',8),
('2016-10-18',99.18753879,100.0343044,4.617515522,4.578429399,0.2358059836,'912812N28',8),
('2016-10-21',99.3834011,100.2732009,4.608415439,4.567521492,0.1958623058,'912812N28',8),
('2016-10-24',99.74977773,101.2451646,4.591488928,4.523672829,0.3663766345,'912812N28',8),
('2016-10-27',100.0159981,101.6663335,4.579267403,4.504932794,0.2662203834,'912812N28',8),
('2016-10-30',100.0167586,100.8725073,4.579232585,4.540384811,0.0007604857339,'912812N28',8),
('2016-11-02',100.293761,101.0309219,4.566585152,4.533265571,0.2770024321,'912812N28',8),
('2016-11-05',100.1421863,101.4220447,4.573497116,4.515783537,-0.1515747788,'912812N28',8),
('2016-11-08',99.53948147,101.3614066,4.601189329,4.518485046,-0.6027047822,'912812N28',8),
('2016-11-11',99.92330491,101.1149339,4.583515331,4.52949908,0.3838234391,'912812N28',8),
('2016-11-14',99.90818744,101.3245075,4.58420888,4.52013053,-0.01511747647,'912812N28',8),
('2016-11-17',99.59175611,100.3463367,4.598774215,4.564192525,-0.3164313273,'912812N28',8),
('2016-11-20',100.0948702,101.5903387,4.575659062,4.508302718,0.5031141227,'912812N28',8),
('2016-11-23',99.42283571,100.495588,4.606587578,4.557414004,-0.672034516,'912812N28',8),
('2016-11-26',100.5425179,101.9809347,4.555286753,4.491035518,1.119682198,'912812N28',8),
('2016-11-29',99.931628,101.3513669,4.58313358,4.518932638,-0.6108899167,'912812N28',8),
('2016-12-02',100.6091193,102.2342556,4.552271236,4.479907417,0.6774913423,'912812N28',8),
('2016-12-05',100.1603357,100.6642949,4.572668382,4.549776072,-0.4487836814,'912812N28',8),
('2016-12-08',100.28658,101.6651322,4.566912142,4.504986025,0.1262443781,'912812N28',8),
('2016-12-11',100.4688383,102.3071515,4.558627411,4.476715395,0.1822582193,'912812N28',8),
('2016-12-14',100.6206435,102.2067651,4.551749858,4.481112374,0.1518052888,'912812N28',8),
('2016-12-17',100.8201023,101.7094283,4.542744846,4.503024033,0.1994587311,'912812N28',8),
('2016-12-20',99.95893913,101.2372873,4.58188136,4.524024817,-0.8611631419,'912812N28',8),
('2016-12-23',99.80353065,100.6382099,4.58901601,4.550955352,-0.155408479,'912812N28',8),
('2016-12-26',100.0541794,100.7355493,4.577519927,4.546557827,0.2506487544,'912812N28',8),
('2016-12-29',100.0626791,102.0213971,4.577131094,4.489254343,0.008499725889,'912812N28',8),
('2017-01-01',100.8713081,101.6686848,4.540438791,4.50482861,0.8086289256,'912812N28',8),
('2017-01-04',100.3889822,101.8520604,4.562253645,4.496718063,-0.482325854,'912812N28',8),
('2017-01-07',100.1910514,101.0911617,4.571266531,4.530564218,-0.1979308046,'912812N28',8),
('2017-01-10',99.51022058,101.2742347,4.602542305,4.522374337,-0.6808308237,'912812N28',8),
('2017-01-13',100.7678531,102.2309234,4.545100305,4.480053439,1.25763256,'912812N28',8),
('2017-01-16',100.0414277,101.7307397,4.578103398,4.502080703,-0.7264254689,'912812N28',8),
('2017-01-19',99.88757625,101.352873,4.585154803,4.518865488,-0.1538514199,'912812N28',8),
('2017-01-22',100.1767719,101.052635,4.571918133,4.532291512,0.289195652,'912812N28',8),
('2017-01-25',100.1796306,101.9233513,4.571787669,4.493572808,0.002858739582,'912812N28',8),
('2017-01-28',99.98366678,101.5876911,4.580748183,4.508420214,-0.1959638567,'912812N28',8),
('2017-01-31',100.9693403,102.5514084,4.53603043,4.466052755,0.9856735019,'912812N28',8),
('2017-02-03',99.61495007,101.4017799,4.597703454,4.516686005,-1.354390214,'912812N28',8),
('2017-02-06',100.3093884,101.8535664,4.565873716,4.496651577,0.6944383399,'912812N28',8),
('2017-02-09',100.8814392,102.7423662,4.539982814,4.457752114,0.572050742,'912812N28',8),
('2017-02-12',101.1040837,102.2784208,4.529985171,4.477972935,0.2226445796,'912812N28',8),
('2017-02-15',100.4255085,101.3272993,4.560594285,4.520005994,-0.6785752575,'912812N28',8),
('2017-02-18',100.9369666,102.5358237,4.537485279,4.466731562,0.5114581142,'912812N28',8),
('2017-02-21',100.7065505,102.1148812,4.547867025,4.48514452,-0.2304161342,'912812N28',8),
('2017-02-24',100.8309268,102.602544,4.542257169,4.463826939,0.1243763156,'912812N28',8),
('2017-02-27',100.651271,101.5227109,4.550364795,4.511305854,-0.1796558078,'912812N28',8),
('2017-03-02',101.2105324,102.8221948,4.525220737,4.454291227,0.5592614353,'912812N28',8),
('2017-03-05',101.135735,102.5930746,4.528567472,4.464238954,-0.07479735688,'912812N28',8),
('2017-03-08',100.7986712,101.881869,4.54371069,4.495402418,-0.3370638118,'912812N28',8),
('2017-03-11',99.95191897,100.8516809,4.582203171,4.541322425,-0.8467522616,'912812N28',8),
('2017-03-14',100.5638827,101.9313218,4.554318983,4.493221437,0.6119637251,'912812N28',8),
('2017-03-17',101.0692387,101.5743069,4.531546945,4.509014277,0.5053560439,'912812N28',8),
('2017-03-20',100.1409128,100.8126868,4.573555275,4.543078998,-0.9283259407,'912812N28',8),
('2017-03-23',100.3311161,101.3624499,4.564884929,4.518438539,0.190203351,'912812N28',8),
('2017-03-26',100.3750491,102.2896109,4.562886933,4.47748306,0.04393295651,'912812N28',8);

-- 20 Year Bond History Data

INSERT INTO bondhistory(time,bid,ask,yieldbid,yieldask,changeprice,cusip,bondid)
VALUES
('2016-06-02',98.0196685,99.13674142,5.111219081,5.053625859,1.980331497,'912837TZ9',9),
('2016-06-05',98.12272398,98.84718548,5.105850915,5.068429592,0.1030554812,'912837TZ9',9),
('2016-06-08',99.0335071,100.8812926,5.05889385,4.966232957,0.9107831172,'912837TZ9',9),
('2016-06-11',98.47373105,99.21110316,5.087651241,5.049838012,-0.5597760513,'912837TZ9',9),
('2016-06-14',98.64964167,99.67913377,5.078579015,5.026127145,0.1759106192,'912837TZ9',9),
('2016-06-17',98.72859679,100.4122751,5.07451758,4.989429821,0.07895511708,'912837TZ9',9),
('2016-06-20',99.52913788,101.2643315,5.033701795,4.94744786,0.8005410985,'912837TZ9',9),
('2016-06-23',99.59790262,100.7175065,5.030226408,4.97430901,0.06876474007,'912837TZ9',9),
('2016-06-26',99.21488088,100.1381194,5.049645734,5.003089764,-0.383021744,'912837TZ9',9),
('2016-06-29',98.90111501,100.6894217,5.065665842,4.975696471,-0.3137658712,'912837TZ9',9),
('2016-07-02',98.35252993,100.1968758,5.093920821,5.000155905,-0.5485850822,'912837TZ9',9),
('2016-07-05',99.56348875,101.4626675,5.031965094,4.937776747,1.210958823,'912837TZ9',9),
('2016-07-08',98.80568398,100.7949589,5.070558493,4.970486675,-0.7578047739,'912837TZ9',9),
('2016-07-11',99.43730533,101.1962175,5.03835053,4.95077793,0.6316213492,'912837TZ9',9),
('2016-07-14',98.22772905,99.82103016,5.100392779,5.018982465,-1.209576273,'912837TZ9',9),
('2016-07-17',98.51133424,100.0286503,5.085709212,5.008565029,0.2836051877,'912837TZ9',9),
('2016-07-20',99.44600403,100.4150322,5.037909817,4.989292829,0.9346697916,'912837TZ9',9),
('2016-07-23',99.63637095,100.3935505,5.028284302,4.990360413,0.1903669208,'912837TZ9',9),
('2016-07-26',99.22632353,101.2176361,5.049063416,4.949730298,-0.4100474264,'912837TZ9',9),
('2016-07-29',98.63054461,100.3012004,5.07956234,4.994955177,-0.5957789127,'912837TZ9',9),
('2016-08-01',99.62017432,101.5273724,5.02910182,4.934629824,0.9896297017,'912837TZ9',9),
('2016-08-04',98.53580373,99.66051003,5.084446272,5.027066386,-1.084370582,'912837TZ9',9),
('2016-08-07',99.15305419,100.4428078,5.052794431,4.987913131,0.6172504568,'912837TZ9',9),
('2016-08-10',98.3765776,98.90165018,5.092675637,5.065638431,-0.7764765921,'912837TZ9',9),
('2016-08-13',99.09044859,100.4880268,5.055986799,4.9856686,0.7138709916,'912837TZ9',9),
('2016-08-16',99.02307623,100.0651303,5.059426742,5.006739096,-0.06737235804,'912837TZ9',9),
('2016-08-19',98.91784412,100.3593295,5.06480913,4.992062046,-0.10523211,'912837TZ9',9),
('2016-08-22',98.6850317,100.1470862,5.076757755,5.002641803,-0.2328124269,'912837TZ9',9),
('2016-08-25',99.49295384,101.2894507,5.035532474,4.94622092,0.8079221397,'912837TZ9',9),
('2016-08-28',98.65689777,99.83331485,5.078205491,5.018364869,-0.8360560621,'912837TZ9',9),
('2016-08-31',99.07198273,99.60275718,5.056929176,5.029981239,0.4150849595,'912837TZ9',9),
('2016-09-03',99.20261595,99.81611736,5.050270048,5.019229492,0.1306332173,'912837TZ9',9),
('2016-09-06',99.07728892,99.83077783,5.056658347,5.018492402,-0.1253270347,'912837TZ9',9),
('2016-09-09',99.4070192,100.1682859,5.039885554,5.001583042,0.3297302844,'912837TZ9',9),
('2016-09-12',99.5611977,100.2720681,5.032080887,4.996406372,0.1541785008,'912837TZ9',9),
('2016-09-15',98.93178587,99.74759096,5.064095382,5.022677692,-0.6294118257,'912837TZ9',9),
('2016-09-18',99.83000401,101.613811,5.018531302,4.930432143,0.8982181387,'912837TZ9',9),
('2016-09-21',99.89657067,100.8229026,5.015187175,4.96910907,0.06656665582,'912837TZ9',9),
('2016-09-24',98.62335032,100.1847035,5.07993288,5.000763416,-1.273220349,'912837TZ9',9),
('2016-09-27',99.56052903,100.549599,5.032114683,4.982615593,0.9371787087,'912837TZ9',9),
('2016-09-30',99.09719499,100.0795767,5.055642595,5.006016378,-0.4633340405,'912837TZ9',9),
('2016-10-03',100.1059166,102.0771916,5.004699191,4.908050389,1.008721652,'912837TZ9',9),
('2016-10-06',99.13348767,100.7858461,5.053791729,4.970936094,-0.9724289729,'912837TZ9',9),
('2016-10-09',99.62378552,101.4461188,5.028919523,4.938582233,0.4902978534,'912837TZ9',9),
('2016-10-12',99.69644699,101.0502869,5.025254311,4.957927535,0.07266147148,'912837TZ9',9),
('2016-10-15',99.37201259,100.5234333,5.041660996,4.983912543,-0.3244344014,'912837TZ9',9),
('2016-10-18',99.57398628,101.0517777,5.031434602,4.957854393,0.201973684,'912837TZ9',9),
('2016-10-21',99.51798717,101.0386316,5.034265807,4.958499459,-0.055999101,'912837TZ9',9),
('2016-10-24',99.38336212,100.9915535,5.041085241,4.960810905,-0.1346250521,'912837TZ9',9),
('2016-10-27',98.89224791,99.81114869,5.06612005,5.019479353,-0.4911142075,'912837TZ9',9),
('2016-10-30',99.68252204,100.9771601,5.025956304,4.961518024,0.7902741212,'912837TZ9',9),
('2016-11-02',100.2652001,101.0100628,4.996748617,4.959901877,0.582678086,'912837TZ9',9),
('2016-11-05',98.91290485,100.0596965,5.065062044,5.007010989,-1.352295272,'912837TZ9',9),
('2016-11-08',99.31675915,101.2543295,5.044465851,4.947936571,0.4038542997,'912837TZ9',9),
('2016-11-11',100.2056001,101.4860831,4.999720568,4.936637464,0.8888409723,'912837TZ9',9),
('2016-11-14',100.2983549,102.0483882,4.995096883,4.909435699,0.09275479809,'912837TZ9',9),
('2016-11-17',99.31080009,101.1489923,5.04476854,4.953089385,-0.9875548294,'912837TZ9',9),
('2016-11-20',99.38819825,99.95325589,5.040839947,5.012342975,0.077398157,'912837TZ9',9),
('2016-11-23',99.06037975,100.3567231,5.057521496,4.992191699,-0.3278184958,'912837TZ9',9),
('2016-11-26',99.41404872,100.0172489,5.039529186,5.009135979,0.3536689724,'912837TZ9',9),
('2016-11-29',99.84521832,100.9037044,5.017766583,4.965129904,0.4311695961,'912837TZ9',9),
('2016-12-02',98.96293961,100.8332447,5.062501194,4.968599408,-0.882278708,'912837TZ9',9),
('2016-12-05',100.0825279,100.9994564,5.005868763,4.960422738,1.119588266,'912837TZ9',9),
('2016-12-08',99.91440386,101.6509198,5.01429204,4.928632237,-0.1681240196,'912837TZ9',9),
('2016-12-11',99.56398151,100.40974,5.03194019,4.989555794,-0.3504223529,'912837TZ9',9),
('2016-12-14',99.62271144,100.7526739,5.028973743,4.972572742,0.05872993314,'912837TZ9',9),
('2016-12-17',99.91283646,100.6782713,5.014370703,4.976247542,0.2901250235,'912837TZ9',9),
('2016-12-20',99.83446727,101.8009742,5.018306941,4.921367443,-0.07836919341,'912837TZ9',9),
('2016-12-23',99.63752501,101.0307779,5.028226062,4.958884912,-0.1969422602,'912837TZ9',9),
('2016-12-26',99.4606342,100.5826242,5.037168765,4.980979607,-0.1768908068,'912837TZ9',9),
('2016-12-29',99.95033742,100.5153215,5.012489332,4.984314754,0.4897032144,'912837TZ9',9),
('2017-01-01',100.5266349,101.5119898,4.983753814,4.935377594,0.5762974657,'912837TZ9',9),
('2017-01-04',99.6228495,101.1037092,5.028966773,4.95530781,-0.9037853824,'912837TZ9',9),
('2017-01-07',100.0006521,100.910484,5.009967331,4.964796324,0.3778025759,'912837TZ9',9),
('2017-01-10',99.17464974,100.8684659,5.051694171,4.966864473,-0.8260023406,'912837TZ9',9),
('2017-01-13',100.2485857,101.4536382,4.997576738,4.938216202,1.073935978,'912837TZ9',9),
('2017-01-16',100.6386969,102.4582367,4.978204364,4.889797209,0.3901111617,'912837TZ9',9),
('2017-01-19',100.0843409,101.7698604,5.005778082,4.922872039,-0.5543559893,'912837TZ9',9),
('2017-01-22',100.5152933,101.921638,4.984316153,4.915541092,0.4309524052,'912837TZ9',9),
('2017-01-25',99.77620982,100.486503,5.021237035,4.985744206,-0.7390834714,'912837TZ9',9),
('2017-01-28',100.3171852,101.975475,4.994159266,4.912945982,0.5409753831,'912837TZ9',9),
('2017-01-31',99.93407691,100.5491396,5.013304926,4.98263836,-0.3831082924,'912837TZ9',9),
('2017-02-03',99.32070346,100.0778882,5.044265521,5.00610084,-0.6133734485,'912837TZ9',9),
('2017-02-06',99.93801433,101.3889689,5.013107408,4.941365962,0.6173108667,'912837TZ9',9),
('2017-02-09',100.7721369,102.6503961,4.971612348,4.880643611,0.8341225367,'912837TZ9',9),
('2017-02-12',99.9765516,100.9810417,5.01117504,4.961327311,-0.7955852675,'912837TZ9',9),
('2017-02-15',99.35468102,99.99494321,5.042540471,5.010253358,-0.6218705786,'912837TZ9',9),
('2017-02-18',99.84249241,101.0225275,5.017903579,4.959289898,0.4878113912,'912837TZ9',9),
('2017-02-21',100.1993339,101.3729646,5.000033238,4.942146082,0.3568415137,'912837TZ9',9),
('2017-02-24',100.3856157,101.8655122,4.990754868,4.918249455,0.1862817292,'912837TZ9',9),
('2017-02-27',100.1230118,101.3531274,5.00384468,4.94311338,-0.262603847,'912837TZ9',9),
('2017-03-02',100.4449391,101.4628412,4.987807293,4.93776829,0.3219273347,'912837TZ9',9),
('2017-03-05',100.5989355,101.3928043,4.980171983,4.941179045,0.153996347,'912837TZ9',9),
('2017-03-08',100.1784377,100.9282952,5.001076195,4.963920168,-0.4204978018,'912837TZ9',9),
('2017-03-11',100.2079905,101.195487,4.999601306,4.950813665,0.02955278222,'912837TZ9',9),
('2017-03-14',100.4751986,101.373911,4.986305145,4.942099946,0.2672081804,'912837TZ9',9),
('2017-03-17',99.98529128,100.6822423,5.010737015,4.976051274,-0.4899073644,'912837TZ9',9),
('2017-03-20',99.57396122,100.467531,5.031435868,4.986685698,-0.4113300649,'912837TZ9',9),
('2017-03-23',100.1635824,100.9299641,5.001817906,4.963838088,0.5896211809,'912837TZ9',9),
('2017-03-26',100.6228272,101.1526904,4.978989497,4.952908302,0.4592448362,'912837TZ9',9);

-- 30 Year Bond History Data

INSERT INTO bondhistory(time,bid,ask,yieldbid,yieldask,changeprice,cusip,bondid)
VALUES
('2016-06-02',101.2427303,102.8132259,5.422611563,5.339779926,-1.242730297,'912834F90',10),
('2016-06-05',100.9088798,102.8089145,5.440551923,5.340003859,-0.3338505077,'912834F90',10),
('2016-06-08',99.7207947,100.5313201,5.505371288,5.460984691,-1.188085089,'912834F90',10),
('2016-06-11',100.9154323,102.3114352,5.440198663,5.365969102,1.194637627,'912834F90',10),
('2016-06-14',100.0849929,100.7506562,5.485337852,5.449096021,-0.8304394235,'912834F90',10),
('2016-06-17',99.74261481,100.276944,5.50416691,5.474837767,-0.3423780889,'912834F90',10),
('2016-06-20',100.0293117,101.2456296,5.48839126,5.422456278,0.2866968658,'912834F90',10),
('2016-06-23',99.63388207,101.5920783,5.510173734,5.403964651,-0.3954296072,'912834F90',10),
('2016-06-26',100.2312596,101.1612581,5.47733314,5.426978767,0.5973775439,'912834F90',10),
('2016-06-29',100.3711643,102.3063909,5.46969843,5.366233677,0.1399047225,'912834F90',10),
('2016-07-02',100.3063107,100.8613375,5.473234898,5.443116399,-0.06485367528,'912834F90',10),
('2016-07-05',100.0478799,101.765412,5.487372653,5.394760254,-0.2584307846,'912834F90',10),
('2016-07-08',99.87147142,101.1804984,5.4970653,5.425946783,-0.1764084611,'912834F90',10),
('2016-07-11',99.92624239,101.473638,5.494052281,5.410272174,0.05477097606,'912834F90',10),
('2016-07-14',99.7162986,101.137987,5.50561952,5.428227475,-0.2099437932,'912834F90',10),
('2016-07-17',98.93042257,100.1449344,5.549354645,5.482054617,-0.7858760308,'912834F90',10),
('2016-07-20',99.88365827,101.0232922,5.496394601,5.434390309,0.953235698,'912834F90',10),
('2016-07-23',99.15280718,100.6703049,5.536908289,5.45344529,-0.7308510871,'912834F90',10),
('2016-07-26',100.1241399,100.6455835,5.48319317,5.454784807,0.971332709,'912834F90',10),
('2016-07-29',100.1231569,101.9741856,5.483247003,5.383715464,-0.0009829850629,'912834F90',10),
('2016-08-01',99.64653444,100.3895065,5.509474093,5.468699061,-0.4766224644,'912834F90',10),
('2016-08-04',100.0098983,100.9403877,5.489456639,5.438853691,0.3633638285,'912834F90',10),
('2016-08-07',98.84215643,99.53921845,5.554310224,5.51541401,-1.167741836,'912834F90',10),
('2016-08-10',99.38909371,101.2675197,5.523744905,5.421284157,0.5469372794,'912834F90',10),
('2016-08-13',98.71303626,100.6206349,5.56157546,5.456137306,-0.6760574557,'912834F90',10),
('2016-08-16',98.72981698,99.76118538,5.56063018,5.503142308,0.01678072138,'912834F90',10),
('2016-08-19',99.58313022,101.2686921,5.512981956,5.421221391,0.8533132388,'912834F90',10),
('2016-08-22',98.80471998,99.6864594,5.556414715,5.50726752,-0.7784102399,'912834F90',10),
('2016-08-25',99.81769168,100.3520164,5.500027007,5.470742092,1.012971702,'912834F90',10),
('2016-08-28',98.3415105,98.88910777,5.582586613,5.551673105,-1.476181181,'912834F90',10),
('2016-08-31',99.71881753,100.7817278,5.505480446,5.447416037,1.377307027,'912834F90',10),
('2016-09-03',98.38486925,99.94772947,5.580126336,5.492871153,-1.333948273,'912834F90',10),
('2016-09-06',98.50493131,100.0941923,5.573325038,5.484833709,0.1200620543,'912834F90',10),
('2016-09-09',99.03901792,100.6414564,5.54326983,5.4550085,0.5340866119,'912834F90',10),
('2016-09-12',99.31858396,100.5293703,5.527666405,5.46109061,0.2795660431,'912834F90',10),
('2016-09-15',98.50870864,99.50906009,5.573111328,5.517085575,-0.8098753245,'912834F90',10),
('2016-09-18',99.0404503,100.4269966,5.54318966,5.466657559,0.5317416606,'912834F90',10),
('2016-09-21',98.65083856,99.23527465,5.565081939,5.532306954,-0.3896117334,'912834F90',10),
('2016-09-24',98.31777034,98.83216483,5.583934604,5.554871746,-0.3330682271,'912834F90',10),
('2016-09-27',99.09020277,100.528856,5.540406464,5.461118546,0.7724324342,'912834F90',10),
('2016-09-30',99.14273007,100.2399705,5.537471074,5.476857158,0.05252729741,'912834F90',10),
('2016-10-03',98.34108105,100.054359,5.582610992,5.487017312,-0.8016490162,'912834F90',10),
('2016-10-06',98.04039799,99.41570777,5.59973247,5.522266172,-0.3006830581,'912834F90',10),
('2016-10-09',98.3114135,98.845824,5.584295663,5.554104137,0.2710155037,'912834F90',10),
('2016-10-12',98.94682979,100.7026979,5.548434459,5.45169108,0.635416293,'912834F90',10),
('2016-10-15',98.54825354,99.96552638,5.57087498,5.491893254,-0.3985762517,'912834F90',10),
('2016-10-18',98.17582364,100.1741641,5.592008089,5.480455013,-0.3724298965,'912834F90',10),
('2016-10-21',98.61199489,99.47465302,5.567274048,5.518993867,0.4361712504,'912834F90',10),
('2016-10-24',98.48755676,100.3986539,5.574308248,5.468200803,-0.1244381329,'912834F90',10),
('2016-10-27',99.04255342,100.5552304,5.543071953,5.459686163,0.5549966592,'912834F90',10),
('2016-10-30',98.6839524,99.47034539,5.563214551,5.519232871,-0.3586010163,'912834F90',10),
('2016-11-02',98.00324282,98.86384049,5.601855451,5.553091983,-0.6807095842,'912834F90',10),
('2016-11-05',97.86412488,99.30616019,5.609818722,5.528357948,-0.1391179398,'912834F90',10),
('2016-11-08',97.85751672,99.40762105,5.610197544,5.522715404,-0.006608156585,'912834F90',10),
('2016-11-11',98.47861933,99.03094149,5.574814145,5.543721909,0.6211026046,'912834F90',10),
('2016-11-14',99.15005891,100.9117585,5.537061763,5.440396722,0.67143958,'912834F90',10),
('2016-11-17',98.12341091,100.0600417,5.594995067,5.486705687,-1.026647999,'912834F90',10),
('2016-11-20',97.72688612,98.2951411,5.617696642,5.585220122,-0.3965247906,'912834F90',10),
('2016-11-23',98.11374763,99.74550033,5.595546122,5.504007682,0.3868615083,'912834F90',10),
('2016-11-26',98.53918749,99.4870538,5.571387526,5.518305941,0.4254398669,'912834F90',10),
('2016-11-29',98.27391772,100.1775779,5.586426315,5.480268255,-0.2652697763,'912834F90',10),
('2016-12-02',99.03255707,100.4027531,5.543631471,5.467977551,0.7586393497,'912834F90',10),
('2016-12-05',99.07189417,100.927749,5.541430338,5.439534769,0.03933710824,'912834F90',10),
('2016-12-08',97.92708575,98.94947554,5.606211967,5.548286103,-1.144808428,'912834F90',10),
('2016-12-11',97.71755384,99.68234218,5.618233147,5.507494988,-0.209531907,'912834F90',10),
('2016-12-14',97.64446141,99.45689075,5.622438714,5.519979519,-0.07309243337,'912834F90',10),
('2016-12-17',98.62979076,99.3478505,5.566269539,5.526038029,0.9853293556,'912834F90',10),
('2016-12-20',98.13578563,99.41722354,5.59428955,5.522181977,-0.494005136,'912834F90',10),
('2016-12-23',98.76133892,99.80952394,5.558855378,5.500477092,0.6255532905,'912834F90',10),
('2016-12-26',98.90824789,100.3802284,5.55059878,5.469204531,0.1469089704,'912834F90',10),
('2016-12-29',99.15049081,100.0941888,5.537037644,5.484833903,0.2422429206,'912834F90',10),
('2017-01-01',98.64010775,100.2769123,5.565687351,5.474839497,-0.5103830565,'912834F90',10),
('2017-01-04',98.24614422,99.22632599,5.588005559,5.532805881,-0.3939635325,'912834F90',10),
('2017-01-07',97.91161882,99.34336222,5.60709757,5.526287693,-0.3345253983,'912834F90',10),
('2017-01-10',98.52673113,99.57327741,5.572091896,5.513527467,0.6151123063,'912834F90',10),
('2017-01-13',98.26458592,99.68224335,5.586956836,5.507500449,-0.2621452094,'912834F90',10),
('2017-01-16',98.20457776,99.45103213,5.59037076,5.520304699,-0.06000816007,'912834F90',10),
('2017-01-19',98.03518255,98.8344975,5.600030374,5.554740641,-0.1693952018,'912834F90',10),
('2017-01-22',97.87511764,99.20638447,5.60918866,5.533918033,-0.1600649115,'912834F90',10),
('2017-01-25',98.68346196,100.0374799,5.5632422,5.487943123,0.808344316,'912834F90',10),
('2017-01-28',98.33512312,98.90433783,5.582949231,5.550818215,-0.3483388373,'912834F90',10),
('2017-01-31',99.16868061,100.6182345,5.536022025,5.456267473,0.8335574856,'912834F90',10),
('2017-02-03',98.45574482,99.63146739,5.576109358,5.510307279,-0.7129357868,'912834F90',10),
('2017-02-06',99.29211032,100.2118183,5.529140213,5.478395755,0.8363655009,'912834F90',10),
('2017-02-09',97.95464171,99.27653811,5.604634864,5.530007497,-1.337468608,'912834F90',10),
('2017-02-12',98.34844944,99.70454789,5.582192735,5.506268386,0.393807727,'912834F90',10),
('2017-02-15',99.16685803,100.9690124,5.536123771,5.437311777,0.8184085904,'912834F90',10),
('2017-02-18',99.39325176,100.9807487,5.523513823,5.436679832,0.2263937249,'912834F90',10),
('2017-02-21',97.96634757,99.14416638,5.603965174,5.537390853,-1.426904189,'912834F90',10),
('2017-02-24',99.44697578,100.1990532,5.520529867,5.479093689,1.480628211,'912834F90',10),
('2017-02-27',98.83916809,99.46037101,5.554478155,5.519786367,-0.607807688,'912834F90',10),
('2017-03-02',98.51631521,99.94050025,5.572681021,5.493268481,-0.32285288,'912834F90',10),
('2017-03-05',98.25536415,100.019678,5.5874812,5.488919892,-0.2609510635,'912834F90',10),
('2017-03-08',98.92040515,99.65565338,5.549916614,5.508969952,0.665041009,'912834F90',10),
('2017-03-11',98.92942769,100.037189,5.549410452,5.487959081,0.00902253673,'912834F90',10),
('2017-03-14',99.56330762,100.8916628,5.514079565,5.441480342,0.6338799253,'912834F90',10),
('2017-03-17',98.29897256,99.76777181,5.585002424,5.502779004,-1.264335061,'912834F90',10),
('2017-03-20',98.99486267,100.3026598,5.545742327,5.473434117,0.6958901116,'912834F90',10),
('2017-03-23',99.58787877,100.6305199,5.512719086,5.455601348,0.5930161033,'912834F90',10),
('2017-03-26',98.84955085,100.4380807,5.553894735,5.466054271,-0.7383279169,'912834F90',10);